Workbook

Sheet 2-Sep
F1: 45902 | M1: Vehicle Trip Plan | T1: Actual Dispatch | AE1: GAP
M2: T-1 | N2: T-2 | O2: T-3 | P2: T-4 | Q2: T-5 | R2: T-6 | T2: T-1 | U2: T-2 | V2: T-3 | W2: T-4 | X2: T-5 | Y2: T-6 | Z2: T-7 | AA2: T-8 | AB2: T=9 | AD2: Vehicle No. | AE2: T-1 | AF2: T-2 | AG2: T-3 | AH2: T-4 | AI2: T-5 | AJ2: T-6
A3: Customer Part No. | B3: Description | C3: Material Code | D3: Stocking Norm | E3: Customer's Todays Plan | F3: Stock at Customer End | G3: Stock on Wheel | H3: Dispatch Requirement | I3: Short against Requirement | J3: Total Plan | K3: Total Actual | L3: No Of Trolley | M3: 6 | N3: 6 | O3: 6 | P3: 6 | Q3: 6 | R3: 6 | S3: 36 | T3: 6 | U3: 3 | V3: 5 | W3: 4 | X3: 5 | Y3: 5 | AC3: 28 | AE3: 0 | AF3: -3 | AG3: -4 | AH3: 4 | AI3: -2 | AJ3: -8
L4: Vehicle No | AD4: Out Time
AD5: In time
L6: Time | M6: 0.27083333 | N6: 0.375 | O6: 0.52083333 | P6: 0.64583333 | Q6: 0.75 | R6: 0.83333333 | T6: 0.27083333 | U6: 0.375 | V6: 0.48819444 | W6: 0.66458333 | X6: 0.75 | Y6: 0.79166667 | AD6: Actual | AE6: 0.27083333 | AF6: 0.29166667 | AG6: 0.40625 | AH6: 0.46875 | AI6: 0.61458333
A7: 542468900289ZZ | B7: Cluster GB | C7: 753000360-200 | D7: 184 | E7: 0 | F7: 112 | H7: 72 | I7: 0 | J7: 96 | K7: 0 | O7: 96 | AD7: 0 | AE7: 0 | AF7: 0 | AG7: -96 | AH7: -96 | AI7: -96 | AJ7: -96
A8: 542468900289ZV | B8: Cluster ULS | C8: 753000360-324 | D8: 199 | E8: 350 | F8: 104 | H8: 445 | I8: 61 | J8: 384 | K8: 0 | O8: 96 | P8: 96 | Q8: 192 | V8: 288 | X8: 96 | AD8: 0 | AE8: 0 | AF8: 0 | AG8: -96 | AH8: -192 | AI8: -384 | AJ8: -384
A9: 542468900289ZQ | B9: Cluster Titan Brown | C9: 753000360-011 | D9: 168 | E9: 40 | F9: 126 | H9: 82 | I9: 0 | J9: 96 | K9: 0 | P9: 96 | AD9: 0 | AE9: 0 | AF9: 0 | AG9: 0 | AH9: -96 | AI9: -96 | AJ9: -96
A10: 542468910103CC | B10: Console LLG | C10: 753000370-009 | D10: 200 | E10: 14 | F10: 240 | H10: 0 | I10: 0 | J10: 0 | K10: 0 | AD10: 0 | AE10: 0 | AF10: 0 | AG10: 0 | AH10: 0 | AI10: 0 | AJ10: 0
A11: 542468910103D1 | B11: Console KLG | C11: 753000370-452 | D11: 260 | E11: 294 | F11: 241 | H11: 313 | I11: 53 | J11: 260 | K11: 0 | O11: 130 | P11: 130 | V11: 130 | X11: 130 | AD11: 0 | AE11: 0 | AF11: 0 | AG11: -130 | AH11: -260 | AI11: -260 | AJ11: -260
A12: 542569500104D1 | B12: HMSL KLG | C12: 630131090-452 | D12: 140 | E12: 0 | F12: 200 | H12: 0 | I12: 0 | J12: 0 | K12: 0 | AD12: 0 | AE12: 0 | AF12: 0 | AG12: 0 | AH12: 0 | AI12: 0 | AJ12: 0
A13: 542569500104CC | B13: HMSL LLG | C13: 630131090 | D13: 140 | E13: 40 | F13: 160 | H13: 20 | I13: 20 | J13: 0 | K13: 0 | AD13: 0 | AE13: 0 | AF13: 0 | AG13: 0 | AH13: 0 | AI13: 0 | AJ13: 0
A14: 542469500102D1 | B14: 102D1 | C14: 586118320-083 | D14: 42 | E14: 73 | F14: 14 | H14: 101 | I14: 3 | J14: 98 | K14: 0 | M14: 14 | N14: 14 | O14: 14 | P14: 14 | Q14: 14 | R14: 28 | T14: 14 | U14: 14 | V14: 14 | W14: 14 | X14: 14 | AD14: 0 | AE14: -14 | AF14: -28 | AG14: -42 | AH14: -56 | AI14: -70 | AJ14: -98
A15: 542469500118D1 | B15: 118D1 | C15: 586688560-083 | D15: 28 | E15: 6 | F15: 33 | H15: 1 | I15: 0 | J15: 14 | K15: 0 | O15: 14 | U15: 14 | AD15: 0 | AE15: 0 | AF15: 0 | AG15: -14 | AH15: -14 | AI15: -14 | AJ15: -14
A16: 542469500119D1 | B16: 119D1 | C16: 586688570-083 | D16: 84 | E16: 277 | F16: 50 | H16: 311 | I16: 3 | J16: 308 | K16: 0 | M16: 14 | N16: 42 | O16: 56 | P16: 70 | Q16: 70 | R16: 56 | T16: 14 | U16: 42 | V16: 42 | W16: 42 | X16: 56 | Y16: 56 | AD16: 0 | AE16: -14 | AF16: -56 | AG16: -112 | AH16: -182 | AI16: -252 | AJ16: -308
A17: 542469500120D1 | B17: 120D1 | C17: 586450180-083 | D17: 28 | E17: 14 | F17: 28 | H17: 14 | I17: 0 | J17: 28 | K17: 0 | M17: 14 | N17: 14 | T17: 14 | AD17: 0 | AE17: -14 | AF17: -28 | AG17: -28 | AH17: -28 | AI17: -28 | AJ17: -28
A18: 546769500115D1 | B18: 115D1 | C18: 586688580-083 | D18: 0 | E18: 0 | F18: 0 | H18: 0 | I18: 0 | J18: 0 | K18: 0 | AD18: 0 | AE18: 0 | AF18: 0 | AG18: 0 | AH18: 0 | AI18: 0 | AJ18: 0
A19: 546769500133D1 | B19: 133D1 | C19: 586688590-083 | D19: 28 | E19: 0 | F19: 14 | H19: 14 | I19: 0 | J19: 14 | K19: 0 | M19: 14 | T19: 14 | AD19: 0 | AE19: -14 | AF19: -14 | AG19: -14 | AH19: -14 | AI19: -14 | AJ19: -14
A20: 546769500134D1 | B20: 134D1 | C20: 586688600-083 | D20: 28 | E20: 12 | F20: 36 | H20: 4 | I20: 0 | J20: 28 | K20: 0 | M20: 14 | N20: 14 | T20: 14 | Y20: 14 | AD20: 0 | AE20: -14 | AF20: -28 | AG20: -28 | AH20: -28 | AI20: -28 | AJ20: -28
A21: 546769500135D1 | B21: 135D1 | C21: 586688610-083 | D21: 28 | E21: 8 | F21: 38 | H21: 0 | I21: 0 | J21: 14 | K21: 0 | M21: 14 | W21: 14 | AD21: 0 | AE21: -14 | AF21: -14 | AG21: -14 | AH21: -14 | AI21: -14 | AJ21: -14
A22: 542474700122 | B22: TAIL GATE | C22: 631161170-220 | D22: 50 | E22: 0 | F22: 55 | H22: 0 | I22: 0 | J22: 0 | K22: 0 | AD22: 0 | AE22: 0 | AF22: 0 | AG22: 0 | AH22: 0 | AI22: 0 | AJ22: 0
A23: 542463700115 | B23: SIDE RH | C23: 631161221-220 | D23: 50 | E23: 0 | F23: 60 | H23: 0 | I23: 0 | J23: 0 | K23: 0 | AD23: 0 | AE23: 0 | AF23: 0 | AG23: 0 | AH23: 0 | AI23: 0 | AJ23: 0
A24: 542463700114 | B24: SIDE LH | C24: 631161222-220 | D24: 50 | E24: 0 | F24: 42 | H24: 8 | I24: 8 | J24: 0 | K24: 0 | AD24: 0 | AE24: 0 | AF24: 0 | AG24: 0 | AH24: 0 | AI24: 0 | AJ24: 0
A25: 542472700140 | B25: FR RUBRAIL RH | C25: 631161181-220 | D25: 50 | E25: 0 | F25: 60 | H25: 0 | I25: 0 | J25: 0 | K25: 0 | AD25: 0 | AE25: 0 | AF25: 0 | AG25: 0 | AH25: 0 | AI25: 0 | AJ25: 0
A26: 542472700139 | B26: FR RUBRAIL LH | C26: 631161182-220 | D26: 50 | E26: 0 | F26: 40 | H26: 10 | I26: 10 | J26: 0 | K26: 0 | AD26: 0 | AE26: 0 | AF26: 0 | AG26: 0 | AH26: 0 | AI26: 0 | AJ26: 0
A27: 542473700124 | B27: RR RUBRAIL RH | C27: 631161191-220 | D27: 50 | E27: 0 | F27: 35 | H27: 15 | I27: 15 | J27: 0 | K27: 0 | AD27: 0 | AE27: 0 | AF27: 0 | AG27: 0 | AH27: 0 | AI27: 0 | AJ27: 0
A28: 542473700123 | B28: RR RUBRAIL LH | C28: 631161192-220 | D28: 50 | E28: 0 | F28: 36 | H28: 14 | I28: 14 | J28: 0 | K28: 0 | AD28: 0 | AE28: 0 | AF28: 0 | AG28: 0 | AH28: 0 | AI28: 0 | AJ28: 0
A29: 542488100121 | B29: FR WHEEL ARCH RH | C29: 631161201-220 | D29: 50 | E29: 0 | F29: 250 | H29: 0 | I29: 0 | J29: 0 | K29: 0 | AD29: 0 | AE29: 0 | AF29: 0 | AG29: 0 | AH29: 0 | AI29: 0 | AJ29: 0
A30: 542488100120 | B30: FR WHEEL ARCH LH | C30: 631161202-220 | D30: 50 | E30: 0 | F30: 50 | H30: 0 | I30: 0 | J30: 0 | K30: 0 | AD30: 0 | AE30: 0 | AF30: 0 | AG30: 0 | AH30: 0 | AI30: 0 | AJ30: 0
A31: 542488100123 | B31: RR WHEEL ARCH RH | C31: 631161211-220 | D31: 50 | E31: 0 | F31: 70 | H31: 0 | I31: 0 | J31: 0 | K31: 0 | AD31: 0 | AE31: 0 | AF31: 0 | AG31: 0 | AH31: 0 | AI31: 0 | AJ31: 0
A32: 542488100122 | B32: RR WHEEL ARCH LH | C32: 631161212-220 | D32: 50 | E32: 0 | F32: 30 | H32: 20 | I32: 20 | J32: 0 | K32: 0 | AD32: 0 | AE32: 0 | AF32: 0 | AG32: 0 | AH32: 0 | AI32: 0 | AJ32: 0
A33: 542490600102 | B33: ROOF RAIL RH | C33: 631122171-010 | D33: 50 | E33: 0 | F33: 40 | H33: 10 | I33: 10 | J33: 0 | K33: 0 | AD33: 0 | AE33: 0 | AF33: 0 | AG33: 0 | AH33: 0 | AI33: 0 | AJ33: 0
A34: 542490600101 | B34: ROOF RAIL LH | C34: 631122172-010 | D34: 50 | E34: 0 | F34: 40 | H34: 10 | I34: 10 | J34: 0 | K34: 0 | AD34: 0 | AE34: 0 | AF34: 0 | AG34: 0 | AH34: 0 | AI34: 0 | AJ34: 0
J35: 1.625 | K35: 0 | M35: 0.25 | N35: 0.33333333 | O35: 0.45833333 | P35: 0.58333333 | T35: 0.25 | U35: 0.40416667 | V35: 0.47638889 | W35: 0.56458333 | X35: 0.70833333 | AD35: Actual | AE35: 0.27083333
A36: 546469500102ZX | B36: 102ZX | C36: 587136190-083 | D36: 80 | E36: 179 | F36: 12 | H36: 247 | I36: 0 | J36: 248 | K36: 0 | M36: 92 | N36: 28 | O36: 48 | P36: 80 | T36: 92 | U36: 28 | V36: 28 | W36: 32 | X36: 28 | AD36: 0 | AE36: -92 | AF36: -120 | AG36: -168 | AH36: -248 | AI36: -248 | AJ36: -248
A37: 546469500109ZY | B37: 109ZY | C37: 587136180-083 | D37: 32 | E37: 12 | F37: 46 | H37: 0 | I37: 0 | J37: 0 | K37: 0 | AD37: 0 | AE37: 0 | AF37: 0 | AG37: 0 | AH37: 0 | AI37: 0 | AJ37: 0
A38: 546469500114ZY | B38: 114ZY | C38: 587011990-083 | D38: 64 | E38: 8 | F38: 146 | H38: 0 | I38: 0 | J38: 0 | K38: 0 | AD38: 0 | AE38: 0 | AF38: 0 | AG38: 0 | AH38: 0 | AI38: 0 | AJ38: 0
A39: 546469500114ZZ | B39: 114ZZ | C39: 587011990-220 | D39: 32 | E39: 20 | F39: 51 | H39: 1 | I39: 0 | J39: 48 | K39: 0 | N39: 16 | O39: 32 | U39: 16 | V39: 16 | AD39: 0 | AE39: 0 | AF39: -16 | AG39: -48 | AH39: -48 | AI39: -48 | AJ39: -48
A40: 546469500102ZZ | B40: 102ZZ | C40: 587136190-220 | D40: 32 | E40: 17 | F40: 29 | H40: 20 | I40: 4 | J40: 16 | K40: 0 | L40: - | P40: 16 | W40: 12 | AD40: 0 | AE40: 0 | AF40: 0 | AG40: 0 | AH40: -16 | AI40: -16 | AJ40: -16
A45: 27
A46: 32
A47: 16
A48: 12
A49: 21

Sheet 02092025
C1: 45902 | H1: Vehicle Trip Plan | O1: Actual Dispatch
H2: T-1 | I2: T-2 | J2: T-3 | K2: T-4 | L2: T-5 | M2: T-6 | N2: T-7 | O2: T-1 | P2: T-2 | Q2: T-3 | R2: T-4 | S2: T-5 | T2: T-6 | U2: T-7 | V2: T-8
A3: Customer Part No. | B3: Description | C3: Material Code | D3: Customer's Todays Plan | E3: Vehicle No | F3: Total Plan | G3: Total Actual | H3: 0 | I3: 0 | J3: 0 | K3: 0 | L3: 0 | M3: 0 | N3: 0 | O3: 0 | P3: 0 | Q3: 0 | R3: 0 | S3: 0 | T3: 0 | U3: 0
E4: Intime
E5: Out Time
E6: CE open STK | H6: 0.27083333 | I6: 0.375 | J6: 0.52083333 | K6: 0.64583333 | L6: 0.75 | M6: 0.83333333 | N6: 0 | O6: 0.27083333 | P6: 0.375 | Q6: 0.48819444 | R6: 0.66458333 | S6: 0.75 | T6: 0.79166667 | U6: 0
A7: 542468900289ZZ | B7: Cluster GB | C7: 753000360-200 | D7: 0 | E7: 112 | F7: 96 | G7: 0 | H7: 0 | I7: 0 | J7: 0 | K7: 0 | L7: 96 | M7: 0 | N7: 0 | U7: 0
A8: 542468900289ZV | B8: Cluster ULS | C8: 753000360-324 | D8: 350 | E8: 192 | F8: 384 | G8: 0 | H8: 0 | I8: 0 | J8: 0 | K8: 0 | L8: 96 | M8: 96 | N8: 192 | Q8: 288 | S8: 96 | U8: 0
A9: 542468900289ZQ | B9: Cluster Titan Brown | C9: 753000360-011 | D9: 40 | E9: 40 | F9: 96 | G9: 0 | H9: 0 | I9: 0 | J9: 0 | K9: 0 | L9: 0 | M9: 96 | N9: 0 | U9: 0
A10: 542468910103CC | B10: Console LLG | C10: 753000370-009 | D10: 14 | E10: 240 | F10: 0 | G10: 0 | H10: 0 | I10: 0 | J10: 0 | K10: 0 | L10: 0 | M10: 0 | N10: 0 | U10: 0
A11: 542468910103D1 | B11: Console KLG | C11: 753000370-452 | D11: 294 | E11: 130 | F11: 260 | G11: 0 | H11: 0 | I11: 0 | J11: 0 | K11: 0 | L11: 130 | M11: 130 | N11: 0 | Q11: 130 | S11: 130 | U11: 0
A12: 542569500104D1 | B12: HMSL KLG | C12: 630131090-452 | D12: 0 | E12: 200 | F12: 0 | G12: 0 | H12: 0 | I12: 0 | J12: 0 | K12: 0 | L12: 0 | M12: 0 | N12: 0 | U12: 0
A13: 542569500104CC | B13: HMSL LLG | C13: 630131090 | D13: 40 | E13: 40 | F13: 0 | G13: 0 | H13: 0 | I13: 0 | J13: 0 | K13: 0 | L13: 0 | M13: 0 | N13: 0 | U13: 0
A14: 542469500102D1 | B14: 102D1 | C14: 586118320-083 | D14: 73 | E14: 45 | F14: 70 | G14: 0 | H14: 0 | I14: 0 | J14: 14 | K14: 14 | L14: 14 | M14: 14 | N14: 14 | O14: 14 | P14: 14 | Q14: 14 | R14: 14 | S14: 14 | U14: 0
A15: 542469500118D1 | B15: 118D1 | C15: 586688560-083 | D15: 6 | E15: 10 | F15: 14 | G15: 0 | H15: 0 | I15: 0 | J15: 0 | K15: 0 | L15: 14 | M15: 0 | N15: 0 | P15: 14 | U15: 0
A16: 542469500119D1 | B16: 119D1 | C16: 586688570-083 | D16: 277 | E16: 20 | F16: 252 | G16: 0 | H16: 0 | I16: 0 | J16: 14 | K16: 42 | L16: 56 | M16: 70 | N16: 70 | O16: 14 | P16: 42 | Q16: 42 | R16: 42 | S16: 56 | T16: 56 | U16: 0
A17: 542469500120D1 | B17: 120D1 | C17: 586450180-083 | D17: 14 | E17: 22 | F17: 28 | G17: 0 | H17: 0 | I17: 0 | J17: 14 | K17: 14 | L17: 0 | M17: 0 | N17: 0 | O17: 14 | U17: 0
A18: 546769500115D1 | B18: 115D1 | C18: 586688580-083 | D18: 0 | E18: 0 | F18: 0 | G18: 0 | H18: 0 | I18: 0 | J18: 0 | K18: 0 | L18: 0 | M18: 0 | N18: 0 | U18: 0
A19: 546769500133D1 | B19: 133D1 | C19: 586688590-083 | D19: 0 | E19: 15 | F19: 14 | G19: 0 | H19: 0 | I19: 0 | J19: 14 | K19: 0 | L19: 0 | M19: 0 | N19: 0 | O19: 14 | U19: 0
A20: 546769500134D1 | B20: 134D1 | C20: 586688600-083 | D20: 12 | E20: 22 | F20: 28 | G20: 0 | H20: 0 | I20: 0 | J20: 14 | K20: 14 | L20: 0 | M20: 0 | N20: 0 | O20: 14 | T20: 14 | U20: 0
A21: 546769500135D1 | B21: 135D1 | C21: 586688610-083 | D21: 8 | E21: 22 | F21: 14 | G21: 0 | H21: 0 | I21: 0 | J21: 14 | K21: 0 | L21: 0 | M21: 0 | N21: 0 | R21: 14 | U21: 0
A22: Customer Part No. | B22: Description | C22: Material Code | D22: Customer's Todays Plan | E22: CE open STK | F22: Total Plan | G22: Total Actual | H22: Vehicle Trip Plan | O22: Actual Dispatch
H23: T-1 | I23: T-2 | J23: T-3 | K23: T-4 | L23: T-5 | M23: T-6 | N23: T-7 | O23: T-1 | P23: T-2 | Q23: T-3 | R23: T-4 | S23: T-5 | T23: T-6 | U23: T-7
O24: 0.25 | P24: 0.40416667 | Q24: 0.47638889 | R24: 0.56458333 | S24: 0.70833333
A25: 546469500102ZX | B25: 102ZX | C25: 587136190-083 | D25: 179 | E25: 12 | H25: 0 | I25: 0 | J25: 92 | K25: 28 | L25: 48 | M25: 80 | N25: 0 | O25: 92 | P25: 28 | Q25: 28 | R25: 32 | S25: 28 | T25: 0 | U25: 0 | W25: 0
A26: 546469500109ZY | B26: 109ZY | C26: 587136180-083 | D26: 12 | E26: 46 | F26: 0 | G26: 0 | H26: 0 | I26: 0 | J26: 0 | K26: 0 | L26: 0 | M26: 0 | N26: 0 | T26: 0 | U26: 0 | W26: 0
A27: 546469500114ZY | B27: 114ZY | C27: 587011990-083 | D27: 8 | E27: 146 | F27: 0 | G27: 0 | H27: 0 | I27: 0 | J27: 0 | K27: 0 | L27: 0 | M27: 0 | N27: 0 | T27: 0 | U27: 0 | W27: 0
A28: 546469500114ZZ | B28: 114ZZ | C28: 587011990-220 | D28: 20 | E28: 51 | F28: 48 | G28: 0 | H28: 0 | I28: 0 | J28: 0 | K28: 16 | L28: 32 | M28: 0 | N28: 0 | P28: 16 | Q28: 16 | T28: 0 | U28: 0 | W28: 0
A29: 546469500102ZZ | B29: 102ZZ | C29: 587136190-220 | D29: 17 | E29: 29 | F29: 16 | G29: 0 | H29: 0 | I29: - | J29: 0 | K29: 0 | L29: 0 | M29: 16 | N29: 0 | R29: 12 | T29: 0 | U29: 0 | W29: 0

Sheet 03092025 (2)
C1: 45903 | H1: Vehicle Trip Plan | O1: Actual Dispatch
H2: T-1 | I2: T-2 | J2: T-3 | K2: T-4 | L2: T-5 | M2: T-6 | N2: T-7 | O2: T-1 | P2: T-2 | Q2: T-3 | R2: T-4 | S2: T-5 | T2: T-6 | U2: T-7 | V2: T-8
A3: Customer Part No. | B3: Description | C3: Material Code | D3: Customer's Todays Plan | E3: Vehicle No | F3: Total Plan | G3: Total Actual | H3: 0 | I3: 0 | J3: 0 | K3: 0 | L3: 0 | M3: 0 | N3: 0 | O3: 0 | P3: 0 | Q3: 0 | R3: 0 | S3: 0 | T3: 0 | U3: 0
E4: Intime
E5: Out Time
E6: CE open STK | H6: 0.27083333 | I6: 0.375 | J6: 0.5 | K6: 0.64583333 | L6: 0.75 | M6: 0 | O6: 0.27083333 | P6: 0.42083333 | Q6: 0.49583333 | R6: 0.70138889 | S6: 0.80555556 | T6: 0.90277778 | U6: 0
A7: 542468900289ZZ | B7: Cluster GB | C7: 753000360-200 | D7: 13 | E7: 108 | F7: 0 | G7: 0 | H7: 0 | I7: 0 | J7: 0 | K7: 0 | L7: 0 | M7: 0 | N7: 0 | O7: 0 | P7: 0 | Q7: 0 | R7: 0 | S7: 0 | T7: 0 | U7: 0
A8: 542468900289ZV | B8: Cluster ULS | C8: 753000360-324 | D8: 299 | E8: 192 | F8: 576 | G8: 273 | H8: 0 | I8: 96 | J8: 192 | K8: 192 | L8: 96 | M8: 0 | N8: 0 | O8: 0 | P8: 61 | Q8: 20 | R8: 96 | S8: 96 | T8: 0 | U8: 0
A9: 542468900289ZQ | B9: Cluster Titan Brown | C9: 753000360-011 | D9: 28 | E9: 40 | F9: 96 | G9: 96 | H9: 0 | I9: 96 | J9: 0 | K9: 0 | L9: 0 | M9: 0 | N9: 0 | O9: 0 | P9: 96 | Q9: 0 | R9: 0 | S9: 0 | T9: 0 | U9: 0
A10: 542468910103CC | B10: Console LLG | C10: 753000370-009 | D10: 4 | E10: 240 | F10: 0 | G10: 0 | H10: 0 | I10: 0 | J10: 0 | K10: 0 | L10: 0 | M10: 0 | N10: 0 | O10: 0 | P10: 0 | Q10: 0 | R10: 0 | S10: 0 | T10: 0 | U10: 0
A11: 542468910103D1 | B11: Console KLG | C11: 753000370-452 | D11: 233 | E11: 130 | F11: 0 | G11: 260 | H11: 0 | I11: 0 | J11: 0 | K11: 0 | L11: 0 | M11: 0 | N11: 0 | O11: 0 | P11: 0 | Q11: 0 | R11: 0 | S11: 260 | T11: 0 | U11: 0
A12: 542569500104D1 | B12: HMSL KLG | C12: 630131090-452 | D12: 0 | E12: 200 | F12: 0 | G12: 0 | H12: 0 | I12: 0 | J12: 0 | K12: 0 | L12: 0 | M12: 0 | N12: 0 | O12: 0 | P12: 0 | Q12: 0 | R12: 0 | S12: 0 | T12: 0 | U12: 0
A13: 542569500104CC | B13: HMSL LLG | C13: 630131090 | D13: 28 | E13: 40 | F13: 0 | G13: 0 | H13: 0 | I13: 0 | J13: 0 | K13: 0 | L13: 0 | M13: 0 | N13: 0 | O13: 0 | P13: 0 | Q13: 0 | R13: 0 | S13: 0 | T13: 0 | U13: 0
A14: 542469500102D1 | B14: 102D1 | C14: 586118320-083 | D14: 82 | E14: 45 | F14: 70 | G14: 52 | H14: 28 | I14: 14 | J14: 0 | K14: 14 | L14: 14 | M14: 0 | N14: 0 | O14: 0 | P14: 10 | Q14: 14 | R14: 14 | S14: 14 | T14: 0 | U14: 0
A15: 542469500118D1 | B15: 118D1 | C15: 586688560-083 | D15: 0 | E15: 10 | F15: 0 | G15: 0 | H15: 0 | I15: 0 | J15: 0 | K15: 0 | L15: 0 | M15: 0 | N15: 0 | O15: 0 | P15: 0 | Q15: 0 | R15: 0 | S15: 0 | T15: 0 | U15: 0
A16: 542469500119D1 | B16: 119D1 | C16: 586688570-083 | D16: 265 | E16: 20 | F16: 280 | G16: 276 | H16: 42 | I16: 56 | J16: 70 | K16: 70 | L16: 42 | M16: 0 | N16: 0 | O16: 42 | P16: 42 | Q16: 52 | R16: 42 | S16: 56 | T16: 42 | U16: 0
A17: 542469500120D1 | B17: 120D1 | C17: 586450180-083 | D17: 15 | E17: 22 | F17: 14 | G17: 14 | H17: 0 | I17: 0 | J17: 0 | K17: 0 | L17: 14 | M17: 0 | N17: 0 | O17: 0 | P17: 0 | Q17: 0 | R17: 14 | S17: 0 | T17: 0 | U17: 0
A18: 546769500115D1 | B18: 115D1 | C18: 586688580-083 | D18: 0 | E18: 0 | F18: 0 | G18: 0 | H18: 0 | I18: 0 | J18: 0 | K18: 0 | L18: 0 | M18: 0 | N18: 0 | O18: 0 | P18: 0 | Q18: 0 | R18: 0 | S18: 0 | T18: 0 | U18: 0
A19: 546769500133D1 | B19: 133D1 | C19: 586688590-083 | D19: 10 | E19: 15 | F19: 14 | G19: 42 | H19: 0 | I19: 0 | J19: 0 | K19: 0 | L19: 14 | M19: 0 | N19: 0 | O19: 0 | P19: 0 | Q19: 0 | R19: 42 | S19: 0 | T19: 0 | U19: 0
A20: 546769500134D1 | B20: 134D1 | C20: 586688600-083 | D20: 33 | E20: 22 | F20: 42 | G20: 28 | H20: 0 | I20: 14 | J20: 14 | K20: 0 | L20: 14 | M20: 0 | N20: 0 | O20: 0 | P20: 0 | Q20: 0 | R20: 14 | S20: 0 | T20: 14 | U20: 0
A21: 546769500135D1 | B21: 135D1 | C21: 586688610-083 | D21: 7 | E21: 22 | F21: 14 | G21: 14 | H21: 14 | I21: 0 | J21: 0 | K21: 0 | L21: 0 | M21: 0 | N21: 0 | O21: 14 | P21: 0 | Q21: 0 | R21: 0 | S21: 0 | T21: 0 | U21: 0
A22: Customer Part No. | B22: Description | C22: Material Code | D22: Customer's Todays Plan | E22: CE open STK | F22: Total Plan | G22: Total Actual | H22: Vehicle Trip Plan | O22: Actual Dispatch
H23: T-1 | I23: T-2 | J23: T-3 | K23: T-4 | L23: T-5 | M23: T-6 | N23: T-7 | O23: T-1 | P23: T-2 | Q23: T-3 | R23: T-4 | S23: T-5 | T23: T-6 | U23: T-7
A25: 546469500102ZX | B25: 102ZX | C25: 587136190-083 | D25: 172 | E25: 12 | H25: 68 | I25: 48 | J25: 48 | K25: 64 | L25: 0 | M25: 0 | N25: 0 | O25: 68 | P25: 32 | Q25: 52 | R25: 48 | S25: 0 | T25: 0 | U25: 0 | W25: 200
A26: 546469500109ZY | B26: 109ZY | C26: 587136180-083 | D26: 37 | E26: 46 | F26: 32 | G26: 12 | H26: 0 | I26: 16 | J26: 16 | K26: 0 | L26: 0 | M26: 0 | O26: 0 | P26: 0 | Q26: 12 | R26: 0 | S26: 0 | T26: 0 | U26: 0 | W26: 12
A27: 546469500114ZY | B27: 114ZY | C27: 587011990-083 | D27: 84 | E27: 146 | F27: 32 | G27: 48 | H27: 0 | I27: 16 | J27: 16 | K27: 0 | L27: 0 | M27: 0 | O27: 0 | P27: 16 | Q27: 0 | R27: 32 | S27: 0 | T27: 0 | U27: 0 | W27: 48
A28: 546469500114ZZ | B28: 114ZZ | C28: 587011990-220 | D28: 44 | E28: 51 | F28: 16 | G28: 24 | H28: 0 | I28: 0 | J28: 0 | K28: 16 | L28: 0 | M28: 0 | O28: 0 | P28: 24 | Q28: 0 | R28: 0 | S28: 0 | T28: 0 | U28: 0 | W28: 24
A29: 546469500102ZZ | B29: 102ZZ | C29: 587136190-220 | D29: 22 | E29: 29 | F29: 32 | G29: 16 | H29: 0 | I29: 16 | J29: 16 | K29: 0 | L29: 0 | M29: 0 | O29: 0 | P29: 0 | Q29: 0 | R29: 16 | S29: 0 | T29: 0 | U29: 0 | W29: 16

Sheet 3-Sep (2)
F1: 45903 | M1: Vehicle Trip Plan | T1: Actual Dispatch | AE1: GAP
M2: T-1 | N2: T-2 | O2: T-3 | P2: T-4 | Q2: T-5 | R2: T-6 | T2: T-1 | U2: T-2 | V2: T-3 | W2: T-4 | X2: T-5 | Y2: T-6 | Z2: T-7 | AA2: T-8 | AB2: T=9 | AD2: Vehicle No. | AE2: T-1 | AF2: T-2 | AG2: T-3 | AH2: T-4 | AI2: T-5 | AJ2: T-6
A3: Customer Part No. | B3: Description | C3: Material Code | D3: Stocking Norm | E3: Customer's Todays Plan | F3: Stock at Customer End | G3: Stock on Wheel | H3: Dispatch Requirement | I3: Short against Requirement | J3: Total Plan | K3: Total Actual | L3: No Of Trolley | M3: 6 | N3: 6 | O3: 6 | P3: 6 | Q3: 6 | R3: 6 | S3: 36 | T3: 6 | U3: 3 | V3: 5 | W3: 4 | X3: 5 | Y3: 5 | AC3: 28 | AE3: 0 | AF3: -3 | AG3: -4 | AH3: 4 | AI3: -2 | AJ3: -8
L4: Vehicle No | AD4: Out Time
AD5: In time
L6: Time | M6: 0.27083333 | N6: 0.375 | O6: 0.5 | P6: 0.64583333 | Q6: 0.75 | T6: 0.27083333 | U6: 0.42083333 | V6: 0.49583333 | W6: 0.70138889 | X6: 0.80555556 | Y6: 0.90277778 | AD6: Actual | AE6: 0.27083333 | AF6: 0.29166667 | AG6: 0.40625 | AH6: 0.46875 | AI6: 0.61458333
A7: 542468900289ZZ | B7: Cluster GB | C7: 753000360-200 | D7: 184 | E7: 13 | F7: 108 | H7: 89 | I7: 89 | J7: 0 | K7: 0 | AD7: 0 | AE7: 0 | AF7: 0 | AG7: 0 | AH7: 0 | AI7: 0 | AJ7: 0
A8: 542468900289ZV | B8: Cluster ULS | C8: 753000360-324 | D8: 199 | E8: 299 | F8: 124 | H8: 374 | I8: 0 | J8: 576 | K8: 273 | N8: 96 | O8: 192 | P8: 192 | Q8: 96 | U8: 61 | V8: 20 | W8: 96 | X8: 96 | AD8: 273 | AE8: 0 | AF8: -35 | AG8: -207 | AH8: -207 | AI8: -303 | AJ8: -303
A9: 542468900289ZQ | B9: Cluster Titan Brown | C9: 753000360-011 | D9: 168 | E9: 28 | F9: 58 | H9: 138 | I9: 42 | J9: 96 | K9: 96 | N9: 96 | U9: 96 | AD9: 96 | AE9: 0 | AF9: 0 | AG9: 0 | AH9: 0 | AI9: 0 | AJ9: 0
A10: 542468910103CC | B10: Console LLG | C10: 753000370-009 | D10: 200 | E10: 4 | F10: 230 | H10: 0 | I10: 0 | J10: 0 | K10: 0 | AD10: 0 | AE10: 0 | AF10: 0 | AG10: 0 | AH10: 0 | AI10: 0 | AJ10: 0
A11: 542468910103D1 | B11: Console KLG | C11: 753000370-452 | D11: 260 | E11: 233 | F11: 260 | H11: 233 | I11: 233 | J11: 0 | K11: 260 | X11: 260 | AD11: 260 | AE11: 0 | AF11: 0 | AG11: 0 | AH11: 260 | AI11: 260 | AJ11: 260
A12: 542569500104D1 | B12: HMSL KLG | C12: 630131090-452 | D12: 140 | E12: 0 | F12: 200 | H12: 0 | I12: 0 | J12: 0 | K12: 0 | AD12: 0 | AE12: 0 | AF12: 0 | AG12: 0 | AH12: 0 | AI12: 0 | AJ12: 0
A13: 542569500104CC | B13: HMSL LLG | C13: 630131090 | D13: 140 | E13: 28 | F13: 140 | H13: 28 | I13: 28 | J13: 0 | K13: 0 | AD13: 0 | AE13: 0 | AF13: 0 | AG13: 0 | AH13: 0 | AI13: 0 | AJ13: 0
A14: 542469500102D1 | B14: 102D1 | C14: 586118320-083 | D14: 42 | E14: 82 | F14: 50 | H14: 74 | I14: 4 | J14: 70 | K14: 52 | M14: 28 | N14: 14 | P14: 14 | Q14: 14 | U14: 10 | V14: 14 | W14: 14 | X14: 14 | AD14: 52 | AE14: -28 | AF14: -32 | AG14: -18 | AH14: -4 | AI14: -18 | AJ14: -18
A15: 542469500118D1 | B15: 118D1 | C15: 586688560-083 | D15: 28 | E15: 0 | F15: 42 | H15: 0 | I15: 0 | J15: 0 | K15: 0 | AD15: 0 | AE15: 0 | AF15: 0 | AG15: 0 | AH15: 0 | AI15: 0 | AJ15: 0
A16: 542469500119D1 | B16: 119D1 | C16: 586688570-083 | D16: 84 | E16: 265 | F16: 70 | H16: 279 | I16: 0 | J16: 280 | K16: 276 | M16: 42 | N16: 56 | O16: 70 | P16: 70 | Q16: 42 | T16: 42 | U16: 42 | V16: 52 | W16: 42 | X16: 56 | Y16: 42 | AD16: 276 | AE16: 0 | AF16: -14 | AG16: -32 | AH16: 38 | AI16: -4 | AJ16: -4
A17: 542469500120D1 | B17: 120D1 | C17: 586450180-083 | D17: 28 | E17: 15 | F17: 30 | H17: 13 | I17: 0 | J17: 14 | K17: 14 | Q17: 14 | W17: 14 | AD17: 14 | AE17: 0 | AF17: 0 | AG17: 0 | AH17: 14 | AI17: 0 | AJ17: 0
A18: 546769500115D1 | B18: 115D1 | C18: 586688580-083 | D18: 0 | E18: 0 | F18: 0 | H18: 0 | I18: 0 | J18: 0 | K18: 0 | AD18: 0 | AE18: 0 | AF18: 0 | AG18: 0 | AH18: 0 | AI18: 0 | AJ18: 0
A19: 546769500133D1 | B19: 133D1 | C19: 586688590-083 | D19: 28 | E19: 10 | F19: 22 | H19: 16 | I19: 2 | J19: 14 | K19: 42 | Q19: 14 | W19: 42 | AD19: 42 | AE19: 0 | AF19: 0 | AG19: 0 | AH19: 42 | AI19: 28 | AJ19: 28
A20: 546769500134D1 | B20: 134D1 | C20: 586688600-083 | D20: 28 | E20: 33 | F20: 46 | H20: 15 | I20: 0 | J20: 42 | K20: 28 | N20: 14 | O20: 14 | Q20: 14 | W20: 14 | Y20: 14 | AD20: 28 | AE20: 0 | AF20: -14 | AG20: -28 | AH20: 0 | AI20: -14 | AJ20: -14
A21: 546769500135D1 | B21: 135D1 | C21: 586688610-083 | D21: 28 | E21: 7 | F21: 27 | H21: 8 | I21: 0 | J21: 14 | K21: 14 | M21: 14 | T21: 14 | AD21: 14 | AE21: 0 | AF21: 0 | AG21: 0 | AH21: 0 | AI21: 0 | AJ21: 0
A22: 542474700122 | B22: TAIL GATE | C22: 631161170-220 | D22: 50 | E22: 0 | F22: 55 | H22: 0 | I22: 0 | J22: 0 | K22: 0 | AD22: 0 | AE22: 0 | AF22: 0 | AG22: 0 | AH22: 0 | AI22: 0 | AJ22: 0
A23: 542463700115 | B23: SIDE RH | C23: 631161221-220 | D23: 50 | E23: 0 | F23: 60 | H23: 0 | I23: 0 | J23: 0 | K23: 0 | AD23: 0 | AE23: 0 | AF23: 0 | AG23: 0 | AH23: 0 | AI23: 0 | AJ23: 0
A24: 542463700114 | B24: SIDE LH | C24: 631161222-220 | D24: 50 | E24: 0 | F24: 42 | H24: 8 | I24: 8 | J24: 0 | K24: 0 | AD24: 0 | AE24: 0 | AF24: 0 | AG24: 0 | AH24: 0 | AI24: 0 | AJ24: 0
A25: 542472700140 | B25: FR RUBRAIL RH | C25: 631161181-220 | D25: 50 | E25: 0 | F25: 60 | H25: 0 | I25: 0 | J25: 0 | K25: 0 | AD25: 0 | AE25: 0 | AF25: 0 | AG25: 0 | AH25: 0 | AI25: 0 | AJ25: 0
A26: 542472700139 | B26: FR RUBRAIL LH | C26: 631161182-220 | D26: 50 | E26: 0 | F26: 40 | H26: 10 | I26: 10 | J26: 0 | K26: 0 | AD26: 0 | AE26: 0 | AF26: 0 | AG26: 0 | AH26: 0 | AI26: 0 | AJ26: 0
A27: 542473700124 | B27: RR RUBRAIL RH | C27: 631161191-220 | D27: 50 | E27: 0 | F27: 35 | H27: 15 | I27: 15 | J27: 0 | K27: 0 | AD27: 0 | AE27: 0 | AF27: 0 | AG27: 0 | AH27: 0 | AI27: 0 | AJ27: 0
A28: 542473700123 | B28: RR RUBRAIL LH | C28: 631161192-220 | D28: 50 | E28: 0 | F28: 36 | H28: 14 | I28: 14 | J28: 0 | K28: 0 | AD28: 0 | AE28: 0 | AF28: 0 | AG28: 0 | AH28: 0 | AI28: 0 | AJ28: 0
A29: 542488100121 | B29: FR WHEEL ARCH RH | C29: 631161201-220 | D29: 50 | E29: 0 | F29: 250 | H29: 0 | I29: 0 | J29: 0 | K29: 0 | AD29: 0 | AE29: 0 | AF29: 0 | AG29: 0 | AH29: 0 | AI29: 0 | AJ29: 0
A30: 542488100120 | B30: FR WHEEL ARCH LH | C30: 631161202-220 | D30: 50 | E30: 0 | F30: 50 | H30: 0 | I30: 0 | J30: 0 | K30: 0 | AD30: 0 | AE30: 0 | AF30: 0 | AG30: 0 | AH30: 0 | AI30: 0 | AJ30: 0
A31: 542488100123 | B31: RR WHEEL ARCH RH | C31: 631161211-220 | D31: 50 | E31: 0 | F31: 70 | H31: 0 | I31: 0 | J31: 0 | K31: 0 | AD31: 0 | AE31: 0 | AF31: 0 | AG31: 0 | AH31: 0 | AI31: 0 | AJ31: 0
A32: 542488100122 | B32: RR WHEEL ARCH LH | C32: 631161212-220 | D32: 50 | E32: 0 | F32: 30 | H32: 20 | I32: 20 | J32: 0 | K32: 0 | AD32: 0 | AE32: 0 | AF32: 0 | AG32: 0 | AH32: 0 | AI32: 0 | AJ32: 0
A33: 542490600102 | B33: ROOF RAIL RH | C33: 631122171-010 | D33: 50 | E33: 0 | F33: 40 | H33: 10 | I33: 10 | J33: 0 | K33: 0 | AD33: 0 | AE33: 0 | AF33: 0 | AG33: 0 | AH33: 0 | AI33: 0 | AJ33: 0
A34: 542490600101 | B34: ROOF RAIL LH | C34: 631122172-010 | D34: 50 | E34: 0 | F34: 40 | H34: 10 | I34: 10 | J34: 0 | K34: 0 | AD34: 0 | AE34: 0 | AF34: 0 | AG34: 0 | AH34: 0 | AI34: 0 | AJ34: 0
J35: 0 | K35: 1.8625 | T35: 0.27083333 | U35: 0.39791667 | V35: 0.52013889 | W35: 0.67361111 | AD35: Actual | AE35: 0.27083333
A36: 546469500102ZX | B36: 102ZX | C36: 587136190-083 | D36: 80 | E36: 172 | F36: 28 | H36: 224 | I36: 0 | J36: 228 | K36: 200 | M36: 68 | N36: 48 | O36: 48 | P36: 64 | T36: 68 | U36: 32 | V36: 52 | W36: 48 | AD36: 200 | AE36: 0 | AF36: -16 | AG36: -12 | AH36: -28 | AI36: -28 | AJ36: -28
A37: 546469500109ZY | B37: 109ZY | C37: 587136180-083 | D37: 32 | E37: 37 | F37: 35 | H37: 34 | I37: 2 | J37: 32 | K37: 12 | N37: 16 | O37: 16 | V37: 12 | AD37: 12 | AE37: 0 | AF37: -16 | AG37: -20 | AH37: -20 | AI37: -20 | AJ37: -20
A38: 546469500114ZY | B38: 114ZY | C38: 587011990-083 | D38: 64 | E38: 84 | F38: 116 | H38: 32 | I38: 0 | J38: 32 | K38: 48 | N38: 16 | O38: 16 | U38: 16 | W38: 32 | AD38: 48 | AE38: 0 | AF38: 0 | AG38: -16 | AH38: 16 | AI38: 16 | AJ38: 16
A39: 546469500114ZZ | B39: 114ZZ | C39: 587011990-220 | D39: 32 | E39: 44 | F39: 80 | H39: 0 | I39: 0 | J39: 16 | K39: 24 | P39: 16 | U39: 24 | AD39: 24 | AE39: 0 | AF39: 24 | AG39: 24 | AH39: 8 | AI39: 8 | AJ39: 8
A40: 546469500102ZZ | B40: 102ZZ | C40: 587136190-220 | D40: 32 | E40: 22 | F40: 25 | H40: 29 | I40: 0 | J40: 32 | K40: 16 | L40: - | N40: 16 | O40: 16 | W40: 16 | AD40: 16 | AE40: 0 | AF40: -16 | AG40: -32 | AH40: -16 | AI40: -16 | AJ40: -16
A45: 27
A46: 32
A47: 16
A48: 12
A49: 21

Sheet 5-Sep (2)
F1: 45905 | M1: Vehicle Trip Plan | T1: Actual Dispatch | AE1: GAP
M2: T-1 | N2: T-2 | O2: T-3 | P2: T-4 | Q2: T-5 | R2: T-6 | T2: T-1 | U2: T-2 | V2: T-3 | W2: T-4 | X2: T-5 | Y2: T-6 | Z2: T-7 | AA2: T-8 | AB2: T=9 | AD2: Vehicle No. | AE2: T-1 | AF2: T-2 | AG2: T-3 | AH2: T-4 | AI2: T-5 | AJ2: T-6
A3: Customer Part No. | B3: Description | C3: Material Code | D3: Stocking Norm | E3: Customer's Todays Plan | F3: Stock at Customer End | G3: Stock on Wheel | H3: Dispatch Requirement | I3: Short against Requirement | J3: Total Plan | K3: Total Actual | L3: No Of Trolley | M3: 6 | N3: 6 | O3: 6 | P3: 6 | Q3: 6 | R3: 6 | S3: 36 | T3: 6 | U3: 3 | V3: 5 | W3: 4 | X3: 5 | Y3: 5 | AC3: 28 | AE3: 0 | AF3: -3 | AG3: -4 | AH3: 4 | AI3: -2 | AJ3: -8
L4: Vehicle No | AD4: Out Time
AD5: In time
L6: Time | M6: 0.27083333 | N6: 0.41666667 | O6: 0.54166667 | P6: 0.66666667 | Q6: 0.79166667 | T6: 0.27083333 | U6: 0.46597222 | V6: 0.66041667 | W6: 0.6875 | X6: 0.85416667 | AD6: Actual | AE6: 0.27083333 | AF6: 0.29166667 | AG6: 0.40625 | AH6: 0.46875 | AI6: 0.61458333
A7: 542468900289ZZ | B7: Cluster GB | C7: 753000360-200 | D7: 184 | E7: 58 | F7: 100 | H7: 142 | I7: 46 | J7: 96 | K7: 0 | M7: 96 | AD7: 0 | AE7: -96 | AF7: -96 | AG7: -96 | AH7: -96 | AI7: -96 | AJ7: -96
A8: 542468900289ZV | B8: Cluster ULS | C8: 753000360-324 | D8: 199 | E8: 272 | F8: 210 | H8: 261 | I8: 0 | J8: 384 | K8: 288 | N8: 192 | O8: 96 | P8: 96 | U8: 96 | V8: 96 | X8: 96 | AD8: 288 | AE8: 0 | AF8: -96 | AG8: -96 | AH8: -96 | AI8: -96 | AJ8: -96
A9: 542468900289ZQ | B9: Cluster Titan Brown | C9: 753000360-011 | D9: 168 | E9: 40 | F9: 130 | H9: 78 | I9: 0 | J9: 96 | K9: 0 | O9: 96 | AD9: 0 | AE9: 0 | AF9: 0 | AG9: -96 | AH9: -96 | AI9: -96 | AJ9: -96
A10: 542468910103CC | B10: Console LLG | C10: 753000370-009 | D10: 200 | E10: 15 | F10: 200 | H10: 15 | I10: 15 | J10: 0 | K10: 0 | AD10: 0 | AE10: 0 | AF10: 0 | AG10: 0 | AH10: 0 | AI10: 0 | AJ10: 0
A11: 542468910103D1 | B11: Console KLG | C11: 753000370-452 | D11: 260 | E11: 173 | F11: 180 | H11: 253 | I11: 0 | J11: 260 | K11: 260 | N11: 130 | P11: 130 | U11: 130 | X11: 130 | AD11: 260 | AE11: 0 | AF11: 0 | AG11: 0 | AH11: 0 | AI11: 0 | AJ11: 0
A12: 542569500104D1 | B12: HMSL KLG | C12: 630131090-452 | D12: 140 | E12: 40 | F12: 150 | H12: 30 | I12: 30 | J12: 0 | K12: 0 | AD12: 0 | AE12: 0 | AF12: 0 | AG12: 0 | AH12: 0 | AI12: 0 | AJ12: 0
A13: 542569500104CC | B13: HMSL LLG | C13: 630131090 | D13: 140 | E13: 40 | F13: 60 | H13: 120 | I13: 0 | J13: 140 | K13: 0 | O13: 140 | AD13: 0 | AE13: 0 | AF13: 0 | AG13: -140 | AH13: -140 | AI13: -140 | AJ13: -140
A14: 542469500102D1 | B14: 102D1 | C14: 586118320-083 | D14: 42 | E14: 50 | F14: 42 | H14: 50 | I14: 0 | J14: 56 | K14: 42 | M14: 14 | N14: 14 | O14: 14 | P14: 14 | U14: 14 | W14: 14 | X14: 14 | AD14: 42 | AE14: -14 | AF14: -14 | AG14: -28 | AH14: -14 | AI14: -14 | AJ14: -14
A15: 542469500118D1 | B15: 118D1 | C15: 586688560-083 | D15: 28 | E15: 0 | F15: 44 | H15: 0 | I15: 0 | J15: 0 | K15: 0 | AD15: 0 | AE15: 0 | AF15: 0 | AG15: 0 | AH15: 0 | AI15: 0 | AJ15: 0
A16: 542469500119D1 | B16: 119D1 | C16: 586688570-083 | D16: 84 | E16: 234 | F16: 81 | H16: 237 | I16: 0 | J16: 252 | K16: 252 | M16: 42 | N16: 56 | O16: 56 | P16: 56 | Q16: 42 | T16: 42 | U16: 56 | V16: 42 | W16: 56 | X16: 56 | AD16: 252 | AE16: 0 | AF16: 0 | AG16: -14 | AH16: 42 | AI16: 0 | AJ16: 0
A17: 542469500120D1 | B17: 120D1 | C17: 586450180-083 | D17: 28 | E17: 36 | F17: 40 | H17: 24 | I17: 0 | J17: 28 | K17: 28 | N17: 14 | P17: 14 | V17: 14 | X17: 14 | AD17: 28 | AE17: 0 | AF17: -14 | AG17: 0 | AH17: 0 | AI17: 0 | AJ17: 0
A18: 546769500115D1 | B18: 115D1 | C18: 586688580-083 | D18: 0 | E18: 0 | F18: 0 | H18: 0 | I18: 0 | J18: 0 | K18: 0 | AD18: 0 | AE18: 0 | AF18: 0 | AG18: 0 | AH18: 0 | AI18: 0 | AJ18: 0
A19: 546769500133D1 | B19: 133D1 | C19: 586688590-083 | D19: 28 | E19: 0 | F19: 11 | H19: 17 | I19: 3 | J19: 14 | K19: 0 | M19: 14 | AD19: 0 | AE19: -14 | AF19: -14 | AG19: -14 | AH19: -14 | AI19: -14 | AJ19: -14
A20: 546769500134D1 | B20: 134D1 | C20: 586688600-083 | D20: 28 | E20: 40 | F20: 32 | H20: 36 | I20: 0 | J20: 42 | K20: 28 | M20: 14 | O20: 14 | Q20: 14 | V20: 28 | AD20: 28 | AE20: -14 | AF20: -14 | AG20: 0 | AH20: 0 | AI20: -14 | AJ20: -14
A21: 546769500135D1 | B21: 135D1 | C21: 586688610-083 | D21: 28 | E21: 0 | F21: 20 | H21: 8 | I21: 0 | J21: 14 | K21: 0 | Q21: 14 | AD21: 0 | AE21: 0 | AF21: 0 | AG21: 0 | AH21: 0 | AI21: -14 | AJ21: -14
A22: 542474700122 | B22: TAIL GATE | C22: 631161170-220 | D22: 50 | E22: 0 | F22: 55 | H22: 0 | I22: 0 | J22: 0 | K22: 0 | AD22: 0 | AE22: 0 | AF22: 0 | AG22: 0 | AH22: 0 | AI22: 0 | AJ22: 0
A23: 542463700115 | B23: SIDE RH | C23: 631161221-220 | D23: 50 | E23: 0 | F23: 60 | H23: 0 | I23: 0 | J23: 0 | K23: 0 | AD23: 0 | AE23: 0 | AF23: 0 | AG23: 0 | AH23: 0 | AI23: 0 | AJ23: 0
A24: 542463700114 | B24: SIDE LH | C24: 631161222-220 | D24: 50 | E24: 0 | F24: 42 | H24: 8 | I24: 8 | J24: 0 | K24: 0 | AD24: 0 | AE24: 0 | AF24: 0 | AG24: 0 | AH24: 0 | AI24: 0 | AJ24: 0
A25: 542472700140 | B25: FR RUBRAIL RH | C25: 631161181-220 | D25: 50 | E25: 0 | F25: 60 | H25: 0 | I25: 0 | J25: 0 | K25: 0 | AD25: 0 | AE25: 0 | AF25: 0 | AG25: 0 | AH25: 0 | AI25: 0 | AJ25: 0
A26: 542472700139 | B26: FR RUBRAIL LH | C26: 631161182-220 | D26: 50 | E26: 0 | F26: 40 | H26: 10 | I26: 10 | J26: 0 | K26: 0 | AD26: 0 | AE26: 0 | AF26: 0 | AG26: 0 | AH26: 0 | AI26: 0 | AJ26: 0
A27: 542473700124 | B27: RR RUBRAIL RH | C27: 631161191-220 | D27: 50 | E27: 0 | F27: 35 | H27: 15 | I27: 15 | J27: 0 | K27: 0 | AD27: 0 | AE27: 0 | AF27: 0 | AG27: 0 | AH27: 0 | AI27: 0 | AJ27: 0
A28: 542473700123 | B28: RR RUBRAIL LH | C28: 631161192-220 | D28: 50 | E28: 0 | F28: 36 | H28: 14 | I28: 14 | J28: 0 | K28: 0 | AD28: 0 | AE28: 0 | AF28: 0 | AG28: 0 | AH28: 0 | AI28: 0 | AJ28: 0
A29: 542488100121 | B29: FR WHEEL ARCH RH | C29: 631161201-220 | D29: 50 | E29: 0 | F29: 250 | H29: 0 | I29: 0 | J29: 0 | K29: 0 | AD29: 0 | AE29: 0 | AF29: 0 | AG29: 0 | AH29: 0 | AI29: 0 | AJ29: 0
A30: 542488100120 | B30: FR WHEEL ARCH LH | C30: 631161202-220 | D30: 50 | E30: 0 | F30: 50 | H30: 0 | I30: 0 | J30: 0 | K30: 0 | AD30: 0 | AE30: 0 | AF30: 0 | AG30: 0 | AH30: 0 | AI30: 0 | AJ30: 0
A31: 542488100123 | B31: RR WHEEL ARCH RH | C31: 631161211-220 | D31: 50 | E31: 0 | F31: 70 | H31: 0 | I31: 0 | J31: 0 | K31: 0 | AD31: 0 | AE31: 0 | AF31: 0 | AG31: 0 | AH31: 0 | AI31: 0 | AJ31: 0
A32: 542488100122 | B32: RR WHEEL ARCH LH | C32: 631161212-220 | D32: 50 | E32: 0 | F32: 30 | H32: 20 | I32: 20 | J32: 0 | K32: 0 | AD32: 0 | AE32: 0 | AF32: 0 | AG32: 0 | AH32: 0 | AI32: 0 | AJ32: 0
A33: 542490600102 | B33: ROOF RAIL RH | C33: 631122171-010 | D33: 50 | E33: 0 | F33: 40 | H33: 10 | I33: 10 | J33: 0 | K33: 0 | AD33: 0 | AE33: 0 | AF33: 0 | AG33: 0 | AH33: 0 | AI33: 0 | AJ33: 0
A34: 542490600101 | B34: ROOF RAIL LH | C34: 631122172-010 | D34: 50 | E34: 0 | F34: 40 | H34: 10 | I34: 10 | J34: 0 | K34: 0 | AD34: 0 | AE34: 0 | AF34: 0 | AG34: 0 | AH34: 0 | AI34: 0 | AJ34: 0
M35: 0.27083333 | N35: 0.375 | O35: 0.45833333 | P35: 0.54166667 | Q35: 0.625 | T35: 0.27083333 | U35: 0.42569444 | V35: 0.54861111 | AD35: Actual | AE35: 0.27083333
A36: 546469500102ZX | B36: 102ZX | C36: 587136190-083 | D36: 80 | E36: 124 | F36: 48 | H36: 156 | I36: 0 | J36: 160 | K36: 128 | M36: 48 | N36: 32 | O36: 32 | P36: 32 | Q36: 16 | T36: 44 | U36: 40 | V36: 44 | AD36: 128 | AE36: -4 | AF36: 4 | AG36: 16 | AH36: -16 | AI36: -32 | AJ36: -32
A37: 546469500109ZY | B37: 109ZY | C37: 587136180-083 | D37: 32 | E37: 22 | F37: 17 | H37: 37 | I37: 0 | J37: 48 | K37: 16 | M37: 16 | O37: 16 | Q37: 16 | T37: 16 | AD37: 16 | AE37: 0 | AF37: 0 | AG37: -16 | AH37: -16 | AI37: -32 | AJ37: -32
A38: 546469500114ZY | B38: 114ZY | C38: 587011990-083 | D38: 64 | E38: 212 | F38: 130 | H38: 146 | I38: 2 | J38: 144 | K38: 60 | N38: 32 | O38: 32 | P38: 48 | Q38: 32 | U38: 12 | V38: 48 | AD38: 60 | AE38: 0 | AF38: -20 | AG38: -4 | AH38: -52 | AI38: -84 | AJ38: -84
A39: 546469500114ZZ | B39: 114ZZ | C39: 587011990-220 | D39: 32 | E39: 114 | F39: 92 | H39: 54 | I39: 0 | J39: 64 | K39: 32 | M39: 16 | N39: 16 | O39: 16 | P39: 16 | T39: 16 | U39: 16 | AD39: 32 | AE39: 0 | AF39: 0 | AG39: -16 | AH39: -32 | AI39: -32 | AJ39: -32
A40: 546469500102ZZ | B40: 102ZZ | C40: 587136190-220 | D40: 32 | E40: 34 | F40: 40 | H40: 26 | I40: 0 | J40: 32 | K40: 0 | L40: - | M40: 16 | N40: 16 | AD40: 0 | AE40: -16 | AF40: -32 | AG40: -32 | AH40: -32 | AI40: -32 | AJ40: -32
A45: 27
A46: 32
A47: 16
A48: 12
A49: 21

Sheet 05092025 (2)
C1: 45905 | H1: Vehicle Trip Plan | O1: Actual Dispatch
H2: T-1 | I2: T-2 | J2: T-3 | K2: T-4 | L2: T-5 | M2: T-6 | N2: T-7 | O2: T-1 | P2: T-2 | Q2: T-3 | R2: T-4 | S2: T-5 | T2: T-6 | U2: T-7 | V2: T-8
A3: Customer Part No. | B3: Description | C3: Material Code | D3: Customer's Todays Plan | E3: Vehicle No | F3: Total Plan | G3: Total Actual | H3: 0 | I3: 0 | J3: 0 | K3: 0 | L3: 0 | M3: 0 | N3: 0 | O3: 0 | P3: 0 | Q3: 0 | R3: 0 | S3: 0 | T3: 0 | U3: 0
E4: Intime
E5: Out Time
E6: CE open STK | H6: 0.27083333 | I6: 0.41666667 | J6: 0.54166667 | K6: 0.66666667 | L6: 0.79166667 | M6: 0 | O6: 0.27083333 | P6: 0.46597222 | Q6: 0.66041667 | R6: 0.6875 | S6: 0.85416667 | T6: 0 | U6: 0
A7: 542468900289ZZ | B7: Cluster GB | C7: 753000360-200 | D7: 58 | E7: 100 | F7: 96 | G7: 0 | H7: 96 | I7: 0 | J7: 0 | K7: 0 | L7: 0 | M7: 0 | N7: 0 | O7: 0 | P7: 0 | Q7: 0 | R7: 0 | S7: 0 | T7: 0 | U7: 0
A8: 542468900289ZV | B8: Cluster ULS | C8: 753000360-324 | D8: 272 | E8: 192 | F8: 384 | G8: 288 | H8: 0 | I8: 192 | J8: 96 | K8: 96 | L8: 0 | M8: 0 | N8: 0 | O8: 0 | P8: 96 | Q8: 96 | R8: 0 | S8: 96 | T8: 0 | U8: 0
A9: 542468900289ZQ | B9: Cluster Titan Brown | C9: 753000360-011 | D9: 40 | E9: 40 | F9: 96 | G9: 0 | H9: 0 | I9: 0 | J9: 96 | K9: 0 | L9: 0 | M9: 0 | N9: 0 | O9: 0 | P9: 0 | Q9: 0 | R9: 0 | S9: 0 | T9: 0 | U9: 0
A10: 542468910103CC | B10: Console LLG | C10: 753000370-009 | D10: 15 | E10: 240 | F10: 0 | G10: 0 | H10: 0 | I10: 0 | J10: 0 | K10: 0 | L10: 0 | M10: 0 | N10: 0 | O10: 0 | P10: 0 | Q10: 0 | R10: 0 | S10: 0 | T10: 0 | U10: 0
A11: 542468910103D1 | B11: Console KLG | C11: 753000370-452 | D11: 173 | E11: 130 | F11: 260 | G11: 260 | H11: 0 | I11: 130 | J11: 0 | K11: 130 | L11: 0 | M11: 0 | N11: 0 | O11: 0 | P11: 130 | Q11: 0 | R11: 0 | S11: 130 | T11: 0 | U11: 0
A12: 542569500104D1 | B12: HMSL KLG | C12: 630131090-452 | D12: 40 | E12: 200 | F12: 0 | G12: 0 | H12: 0 | I12: 0 | J12: 0 | K12: 0 | L12: 0 | M12: 0 | N12: 0 | O12: 0 | P12: 0 | Q12: 0 | R12: 0 | S12: 0 | T12: 0 | U12: 0
A13: 542569500104CC | B13: HMSL LLG | C13: 630131090 | D13: 40 | E13: 40 | F13: 140 | G13: 0 | H13: 0 | I13: 0 | J13: 140 | K13: 0 | L13: 0 | M13: 0 | N13: 0 | O13: 0 | P13: 0 | Q13: 0 | R13: 0 | S13: 0 | T13: 0 | U13: 0
A14: 542469500102D1 | B14: 102D1 | C14: 586118320-083 | D14: 50 | E14: 45 | F14: 56 | G14: 42 | H14: 14 | I14: 14 | J14: 14 | K14: 14 | L14: 0 | M14: 0 | N14: 0 | O14: 0 | P14: 14 | Q14: 0 | R14: 14 | S14: 14 | T14: 0 | U14: 0
A15: 542469500118D1 | B15: 118D1 | C15: 586688560-083 | D15: 0 | E15: 10 | F15: 0 | G15: 0 | H15: 0 | I15: 0 | J15: 0 | K15: 0 | L15: 0 | M15: 0 | N15: 0 | O15: 0 | P15: 0 | Q15: 0 | R15: 0 | S15: 0 | T15: 0 | U15: 0
A16: 542469500119D1 | B16: 119D1 | C16: 586688570-083 | D16: 234 | E16: 20 | F16: 252 | G16: 252 | H16: 42 | I16: 56 | J16: 56 | K16: 56 | L16: 42 | M16: 0 | N16: 0 | O16: 42 | P16: 56 | Q16: 42 | R16: 56 | S16: 56 | T16: 0 | U16: 0
A17: 542469500120D1 | B17: 120D1 | C17: 586450180-083 | D17: 36 | E17: 22 | F17: 28 | G17: 28 | H17: 0 | I17: 14 | J17: 0 | K17: 14 | L17: 0 | M17: 0 | N17: 0 | O17: 0 | P17: 0 | Q17: 14 | R17: 0 | S17: 14 | T17: 0 | U17: 0
A18: 546769500115D1 | B18: 115D1 | C18: 586688580-083 | D18: 0 | E18: 0 | F18: 0 | G18: 0 | H18: 0 | I18: 0 | J18: 0 | K18: 0 | L18: 0 | M18: 0 | N18: 0 | O18: 0 | P18: 0 | Q18: 0 | R18: 0 | S18: 0 | T18: 0 | U18: 0
A19: 546769500133D1 | B19: 133D1 | C19: 586688590-083 | D19: 0 | E19: 15 | F19: 14 | G19: 0 | H19: 14 | I19: 0 | J19: 0 | K19: 0 | L19: 0 | M19: 0 | N19: 0 | O19: 0 | P19: 0 | Q19: 0 | R19: 0 | S19: 0 | T19: 0 | U19: 0
A20: 546769500134D1 | B20: 134D1 | C20: 586688600-083 | D20: 40 | E20: 22 | F20: 42 | G20: 28 | H20: 14 | I20: 0 | J20: 14 | K20: 0 | L20: 14 | M20: 0 | N20: 0 | O20: 0 | P20: 0 | Q20: 28 | R20: 0 | S20: 0 | T20: 0 | U20: 0
A21: 546769500135D1 | B21: 135D1 | C21: 586688610-083 | D21: 0 | E21: 22 | F21: 14 | G21: 0 | H21: 0 | I21: 0 | J21: 0 | K21: 0 | L21: 14 | M21: 0 | N21: 0 | O21: 0 | P21: 0 | Q21: 0 | R21: 0 | S21: 0 | T21: 0 | U21: 0
A22: Customer Part No. | B22: Description | C22: Material Code | D22: Customer's Todays Plan | E22: CE open STK | F22: Total Plan | G22: Total Actual | H22: Vehicle Trip Plan | O22: Actual Dispatch
H23: T-1 | I23: T-2 | J23: T-3 | K23: T-4 | L23: T-5 | M23: T-6 | N23: T-7 | O23: T-1 | P23: T-2 | Q23: T-3 | R23: T-4 | S23: T-5 | T23: T-6 | U23: T-7
H24: 0.27083333 | I24: 0.375 | J24: 0.45833333 | K24: 0.54166667 | L24: 0.625
A25: 546469500102ZX | B25: 102ZX | C25: 587136190-083 | D25: 124 | E25: 12 | H25: 48 | I25: 32 | J25: 32 | K25: 32 | L25: 16 | M25: 0 | N25: 0 | O25: 44 | P25: 40 | Q25: 44 | R25: 0 | S25: 0 | T25: 0 | U25: 0 | W25: 128
A26: 546469500109ZY | B26: 109ZY | C26: 587136180-083 | D26: 22 | E26: 46 | F26: 48 | G26: 16 | H26: 16 | I26: 0 | J26: 16 | K26: 0 | L26: 16 | M26: 0 | O26: 16 | P26: 0 | Q26: 0 | R26: 0 | S26: 0 | T26: 0 | U26: 0 | W26: 16
A27: 546469500114ZY | B27: 114ZY | C27: 587011990-083 | D27: 212 | E27: 146 | F27: 144 | G27: 60 | H27: 0 | I27: 32 | J27: 32 | K27: 48 | L27: 32 | M27: 0 | O27: 0 | P27: 12 | Q27: 48 | R27: 0 | S27: 0 | T27: 0 | U27: 0 | W27: 60
A28: 546469500114ZZ | B28: 114ZZ | C28: 587011990-220 | D28: 114 | E28: 51 | F28: 64 | G28: 32 | H28: 16 | I28: 16 | J28: 16 | K28: 16 | L28: 0 | M28: 0 | O28: 16 | P28: 16 | Q28: 0 | R28: 0 | S28: 0 | T28: 0 | U28: 0 | W28: 32
A29: 546469500102ZZ | B29: 102ZZ | C29: 587136190-220 | D29: 34 | E29: 29 | F29: 32 | G29: 0 | H29: 16 | I29: 16 | J29: 0 | K29: 0 | L29: 0 | M29: 0 | O29: 0 | P29: 0 | Q29: 0 | R29: 0 | S29: 0 | T29: 0 | U29: 0 | W29: 0

Sheet 4-Sep (2)
F1: 45904 | M1: Vehicle Trip Plan | T1: Actual Dispatch | AE1: GAP
M2: T-1 | N2: T-2 | O2: T-3 | P2: T-4 | Q2: T-5 | R2: T-6 | T2: T-1 | U2: T-2 | V2: T-3 | W2: T-4 | X2: T-5 | Y2: T-6 | Z2: T-7 | AA2: T-8 | AB2: T=9 | AD2: Vehicle No. | AE2: T-1 | AF2: T-2 | AG2: T-3 | AH2: T-4 | AI2: T-5 | AJ2: T-6
A3: Customer Part No. | B3: Description | C3: Material Code | D3: Stocking Norm | E3: Customer's Todays Plan | F3: Stock at Customer End | G3: Stock on Wheel | H3: Dispatch Requirement | I3: Short against Requirement | J3: Total Plan | K3: Total Actual | L3: No Of Trolley | M3: 6 | N3: 6 | O3: 6 | P3: 6 | Q3: 6 | R3: 6 | S3: 36 | T3: 6 | U3: 3 | V3: 5 | W3: 4 | X3: 5 | Y3: 5 | AC3: 28 | AE3: 0 | AF3: -3 | AG3: -4 | AH3: 4 | AI3: -2 | AJ3: -8
L4: Vehicle No | AD4: Out Time
AD5: In time
L6: Time | M6: 0.27083333 | N6: 0.41666667 | O6: 0.54166667 | P6: 0.66666667 | Q6: 0.79166667 | T6: 0.27083333 | U6: 0.45625 | V6: 0.52083333 | W6: 0.66666667 | X6: 0.79166667 | Y6: 0.89583333 | AD6: Actual | AE6: 0.27083333 | AF6: 0.29166667 | AG6: 0.40625 | AH6: 0.46875 | AI6: 0.61458333
A7: 542468900289ZZ | B7: Cluster GB | C7: 753000360-200 | D7: 184 | E7: 26 | F7: 100 | H7: 110 | I7: 14 | J7: 96 | K7: 0 | Q7: 96 | AD7: 0 | AE7: 0 | AF7: 0 | AG7: 0 | AH7: 0 | AI7: -96 | AJ7: -96
A8: 542468900289ZV | B8: Cluster ULS | C8: 753000360-324 | D8: 199 | E8: 276 | F8: 30 | H8: 445 | I8: 0 | J8: 480 | K8: 480 | M8: 96 | N8: 96 | O8: 96 | P8: 96 | Q8: 96 | T8: 96 | U8: 192 | W8: 192 | AD8: 480 | AE8: 0 | AF8: 96 | AG8: 0 | AH8: 96 | AI8: 0 | AJ8: 0
A9: 542468900289ZQ | B9: Cluster Titan Brown | C9: 753000360-011 | D9: 168 | E9: 24 | F9: 130 | H9: 62 | I9: 0 | J9: 96 | K9: 0 | P9: 96 | AD9: 0 | AE9: 0 | AF9: 0 | AG9: 0 | AH9: -96 | AI9: -96 | AJ9: -96
A10: 542468910103CC | B10: Console LLG | C10: 753000370-009 | D10: 200 | E10: 12 | F10: 218 | H10: 0 | I10: 0 | J10: 0 | K10: 0 | AD10: 0 | AE10: 0 | AF10: 0 | AG10: 0 | AH10: 0 | AI10: 0 | AJ10: 0
A11: 542468910103D1 | B11: Console KLG | C11: 753000370-452 | D11: 260 | E11: 188 | F11: 240 | H11: 208 | I11: 0 | J11: 260 | K11: 260 | O11: 130 | P11: 130 | U11: 130 | W11: 130 | AD11: 260 | AE11: 0 | AF11: 130 | AG11: 0 | AH11: 0 | AI11: 0 | AJ11: 0
A12: 542569500104D1 | B12: HMSL KLG | C12: 630131090-452 | D12: 140 | E12: 10 | F12: 190 | H12: 0 | I12: 0 | J12: 0 | K12: 0 | AD12: 0 | AE12: 0 | AF12: 0 | AG12: 0 | AH12: 0 | AI12: 0 | AJ12: 0
A13: 542569500104CC | B13: HMSL LLG | C13: 630131090 | D13: 140 | E13: 24 | F13: 100 | H13: 64 | I13: 0 | J13: 140 | K13: 0 | Q13: 140 | AD13: 0 | AE13: 0 | AF13: 0 | AG13: 0 | AH13: 0 | AI13: -140 | AJ13: -140
A14: 542469500102D1 | B14: 102D1 | C14: 586118320-083 | D14: 42 | E14: 25 | F14: 58 | H14: 9 | I14: 0 | J14: 14 | K14: 42 | M14: 14 | V14: 14 | W14: 14 | Y14: 14 | AD14: 42 | AE14: -14 | AF14: -14 | AG14: 0 | AH14: 28 | AI14: 28 | AJ14: 28
A15: 542469500118D1 | B15: 118D1 | C15: 586688560-083 | D15: 28 | E15: 0 | F15: 42 | H15: 0 | I15: 0 | J15: 0 | K15: 0 | AD15: 0 | AE15: 0 | AF15: 0 | AG15: 0 | AH15: 0 | AI15: 0 | AJ15: 0
A16: 542469500119D1 | B16: 119D1 | C16: 586688570-083 | D16: 84 | E16: 306 | F16: 80 | H16: 310 | I16: 2 | J16: 308 | K16: 294 | M16: 28 | N16: 70 | O16: 70 | P16: 84 | Q16: 56 | T16: 28 | U16: 56 | V16: 56 | W16: 56 | X16: 56 | Y16: 42 | AD16: 294 | AE16: 0 | AF16: -14 | AG16: -28 | AH16: 42 | AI16: -14 | AJ16: -14
A17: 542469500120D1 | B17: 120D1 | C17: 586450180-083 | D17: 28 | E17: 15 | F17: 28 | H17: 15 | I17: 0 | J17: 28 | K17: 28 | M17: 14 | Q17: 14 | W17: 14 | X17: 14 | AD17: 28 | AE17: -14 | AF17: -14 | AG17: -14 | AH17: 14 | AI17: 0 | AJ17: 0
A18: 546769500115D1 | B18: 115D1 | C18: 586688580-083 | D18: 0 | E18: 0 | F18: 0 | H18: 0 | I18: 0 | J18: 0 | K18: 0 | AD18: 0 | AE18: 0 | AF18: 0 | AG18: 0 | AH18: 0 | AI18: 0 | AJ18: 0
A19: 546769500133D1 | B19: 133D1 | C19: 586688590-083 | D19: 28 | E19: 0 | F19: 14 | H19: 14 | I19: 0 | J19: 14 | K19: 0 | Q19: 14 | AD19: 0 | AE19: 0 | AF19: 0 | AG19: 0 | AH19: 0 | AI19: -14 | AJ19: -14
A20: 546769500134D1 | B20: 134D1 | C20: 586688600-083 | D20: 28 | E20: 46 | F20: 40 | H20: 34 | I20: 0 | J20: 56 | K20: 14 | M20: 28 | N20: 14 | O20: 14 | T20: 14 | AD20: 14 | AE20: -14 | AF20: -28 | AG20: -42 | AH20: -42 | AI20: -42 | AJ20: -42
A21: 546769500135D1 | B21: 135D1 | C21: 586688610-083 | D21: 28 | E21: 12 | F21: 44 | H21: 0 | I21: 0 | J21: 0 | K21: 0 | AD21: 0 | AE21: 0 | AF21: 0 | AG21: 0 | AH21: 0 | AI21: 0 | AJ21: 0
A22: 542474700122 | B22: TAIL GATE | C22: 631161170-220 | D22: 50 | E22: 0 | F22: 55 | H22: 0 | I22: 0 | J22: 0 | K22: 0 | AD22: 0 | AE22: 0 | AF22: 0 | AG22: 0 | AH22: 0 | AI22: 0 | AJ22: 0
A23: 542463700115 | B23: SIDE RH | C23: 631161221-220 | D23: 50 | E23: 0 | F23: 60 | H23: 0 | I23: 0 | J23: 0 | K23: 0 | AD23: 0 | AE23: 0 | AF23: 0 | AG23: 0 | AH23: 0 | AI23: 0 | AJ23: 0
A24: 542463700114 | B24: SIDE LH | C24: 631161222-220 | D24: 50 | E24: 0 | F24: 42 | H24: 8 | I24: 8 | J24: 0 | K24: 0 | AD24: 0 | AE24: 0 | AF24: 0 | AG24: 0 | AH24: 0 | AI24: 0 | AJ24: 0
A25: 542472700140 | B25: FR RUBRAIL RH | C25: 631161181-220 | D25: 50 | E25: 0 | F25: 60 | H25: 0 | I25: 0 | J25: 0 | K25: 0 | AD25: 0 | AE25: 0 | AF25: 0 | AG25: 0 | AH25: 0 | AI25: 0 | AJ25: 0
A26: 542472700139 | B26: FR RUBRAIL LH | C26: 631161182-220 | D26: 50 | E26: 0 | F26: 40 | H26: 10 | I26: 10 | J26: 0 | K26: 0 | AD26: 0 | AE26: 0 | AF26: 0 | AG26: 0 | AH26: 0 | AI26: 0 | AJ26: 0
A27: 542473700124 | B27: RR RUBRAIL RH | C27: 631161191-220 | D27: 50 | E27: 0 | F27: 35 | H27: 15 | I27: 15 | J27: 0 | K27: 0 | AD27: 0 | AE27: 0 | AF27: 0 | AG27: 0 | AH27: 0 | AI27: 0 | AJ27: 0
A28: 542473700123 | B28: RR RUBRAIL LH | C28: 631161192-220 | D28: 50 | E28: 0 | F28: 36 | H28: 14 | I28: 14 | J28: 0 | K28: 0 | AD28: 0 | AE28: 0 | AF28: 0 | AG28: 0 | AH28: 0 | AI28: 0 | AJ28: 0
A29: 542488100121 | B29: FR WHEEL ARCH RH | C29: 631161201-220 | D29: 50 | E29: 0 | F29: 250 | H29: 0 | I29: 0 | J29: 0 | K29: 0 | AD29: 0 | AE29: 0 | AF29: 0 | AG29: 0 | AH29: 0 | AI29: 0 | AJ29: 0
A30: 542488100120 | B30: FR WHEEL ARCH LH | C30: 631161202-220 | D30: 50 | E30: 0 | F30: 50 | H30: 0 | I30: 0 | J30: 0 | K30: 0 | AD30: 0 | AE30: 0 | AF30: 0 | AG30: 0 | AH30: 0 | AI30: 0 | AJ30: 0
A31: 542488100123 | B31: RR WHEEL ARCH RH | C31: 631161211-220 | D31: 50 | E31: 0 | F31: 70 | H31: 0 | I31: 0 | J31: 0 | K31: 0 | AD31: 0 | AE31: 0 | AF31: 0 | AG31: 0 | AH31: 0 | AI31: 0 | AJ31: 0
A32: 542488100122 | B32: RR WHEEL ARCH LH | C32: 631161212-220 | D32: 50 | E32: 0 | F32: 30 | H32: 20 | I32: 20 | J32: 0 | K32: 0 | AD32: 0 | AE32: 0 | AF32: 0 | AG32: 0 | AH32: 0 | AI32: 0 | AJ32: 0
A33: 542490600102 | B33: ROOF RAIL RH | C33: 631122171-010 | D33: 50 | E33: 0 | F33: 40 | H33: 10 | I33: 10 | J33: 0 | K33: 0 | AD33: 0 | AE33: 0 | AF33: 0 | AG33: 0 | AH33: 0 | AI33: 0 | AJ33: 0
A34: 542490600101 | B34: ROOF RAIL LH | C34: 631122172-010 | D34: 50 | E34: 0 | F34: 40 | H34: 10 | I34: 10 | J34: 0 | K34: 0 | AD34: 0 | AE34: 0 | AF34: 0 | AG34: 0 | AH34: 0 | AI34: 0 | AJ34: 0
M35: 0.27083333 | N35: 0.375 | O35: 0.45833333 | P35: 0.54166667 | Q35: 0.625 | T35: 0.27083333 | U35: 0.36944444 | V35: 0.58333333 | AD35: Actual | AE35: 0.27083333
A36: 546469500102ZX | B36: 102ZX | C36: 587136190-083 | D36: 80 | E36: 142 | F36: 70 | H36: 152 | I36: 8 | J36: 144 | K36: 60 | M36: 16 | N36: 32 | O36: 32 | P36: 32 | Q36: 32 | T36: 12 | U36: 0 | V36: 48 | AD36: 60 | AE36: -4 | AF36: -36 | AG36: -20 | AH36: -52 | AI36: -84 | AJ36: -84
A37: 546469500109ZY | B37: 109ZY | C37: 587136180-083 | D37: 32 | E37: 19 | F37: 27 | H37: 24 | I37: 0 | J37: 32 | K37: 0 | O37: 16 | P37: 16 | AD37: 0 | AE37: 0 | AF37: 0 | AG37: -16 | AH37: -32 | AI37: -32 | AJ37: -32
A38: 546469500114ZY | B38: 114ZY | C38: 587011990-083 | D38: 64 | E38: 208 | F38: 116 | H38: 156 | I38: 0 | J38: 160 | K38: 108 | M38: 48 | N38: 32 | O38: 16 | P38: 16 | Q38: 48 | T38: 48 | U38: 60 | AD38: 108 | AE38: 0 | AF38: 28 | AG38: 12 | AH38: -4 | AI38: -52 | AJ38: -52
A39: 546469500114ZZ | B39: 114ZZ | C39: 587011990-220 | D39: 32 | E39: 103 | F39: 76 | H39: 59 | I39: 0 | J39: 80 | K39: 44 | M39: 16 | N39: 16 | O39: 16 | P39: 16 | Q39: 16 | T39: 12 | V39: 32 | AD39: 44 | AE39: -4 | AF39: -20 | AG39: -4 | AH39: -20 | AI39: -36 | AJ39: -36
A40: 546469500102ZZ | B40: 102ZZ | C40: 587136190-220 | D40: 32 | E40: 48 | F40: 16 | H40: 64 | I40: 0 | J40: 64 | K40: 32 | L40: - | M40: 16 | N40: 16 | O40: 16 | P40: 16 | T40: 16 | V40: 16 | AD40: 32 | AE40: 0 | AF40: -16 | AG40: -16 | AH40: -32 | AI40: -32 | AJ40: -32
A45: 27
A46: 32
A47: 16
A48: 12
A49: 21

Sheet 04092025 (2)
C1: 45904 | H1: Vehicle Trip Plan | O1: Actual Dispatch
H2: T-1 | I2: T-2 | J2: T-3 | K2: T-4 | L2: T-5 | M2: T-6 | N2: T-7 | O2: T-1 | P2: T-2 | Q2: T-3 | R2: T-4 | S2: T-5 | T2: T-6 | U2: T-7 | V2: T-8
A3: Customer Part No. | B3: Description | C3: Material Code | D3: Customer's Todays Plan | E3: Vehicle No | F3: Total Plan | G3: Total Actual | H3: 0 | I3: 0 | J3: 0 | K3: 0 | L3: 0 | M3: 0 | N3: 0 | O3: 0 | P3: 0 | Q3: 0 | R3: 0 | S3: 0 | T3: 0 | U3: 0
E4: Intime
E5: Out Time
E6: CE open STK | H6: 0.27083333 | I6: 0.41666667 | J6: 0.54166667 | K6: 0.66666667 | L6: 0.79166667 | M6: 0 | O6: 0.27083333 | P6: 0.45625 | Q6: 0.52083333 | R6: 0.66666667 | S6: 0.79166667 | T6: 0.89583333 | U6: 0
A7: 542468900289ZZ | B7: Cluster GB | C7: 753000360-200 | D7: 26 | E7: 100 | F7: 96 | G7: 0 | H7: 0 | I7: 0 | J7: 0 | K7: 0 | L7: 96 | M7: 0 | N7: 0 | O7: 0 | P7: 0 | Q7: 0 | R7: 0 | S7: 0 | T7: 0 | U7: 0
A8: 542468900289ZV | B8: Cluster ULS | C8: 753000360-324 | D8: 276 | E8: 192 | F8: 480 | G8: 480 | H8: 96 | I8: 96 | J8: 96 | K8: 96 | L8: 96 | M8: 0 | N8: 0 | O8: 96 | P8: 192 | Q8: 0 | R8: 192 | S8: 0 | T8: 0 | U8: 0
A9: 542468900289ZQ | B9: Cluster Titan Brown | C9: 753000360-011 | D9: 24 | E9: 40 | F9: 96 | G9: 0 | H9: 0 | I9: 0 | J9: 0 | K9: 96 | L9: 0 | M9: 0 | N9: 0 | O9: 0 | P9: 0 | Q9: 0 | R9: 0 | S9: 0 | T9: 0 | U9: 0
A10: 542468910103CC | B10: Console LLG | C10: 753000370-009 | D10: 12 | E10: 240 | F10: 0 | G10: 0 | H10: 0 | I10: 0 | J10: 0 | K10: 0 | L10: 0 | M10: 0 | N10: 0 | O10: 0 | P10: 0 | Q10: 0 | R10: 0 | S10: 0 | T10: 0 | U10: 0
A11: 542468910103D1 | B11: Console KLG | C11: 753000370-452 | D11: 188 | E11: 130 | F11: 260 | G11: 260 | H11: 0 | I11: 0 | J11: 130 | K11: 130 | L11: 0 | M11: 0 | N11: 0 | O11: 0 | P11: 130 | Q11: 0 | R11: 130 | S11: 0 | T11: 0 | U11: 0
A12: 542569500104D1 | B12: HMSL KLG | C12: 630131090-452 | D12: 10 | E12: 200 | F12: 0 | G12: 0 | H12: 0 | I12: 0 | J12: 0 | K12: 0 | L12: 0 | M12: 0 | N12: 0 | O12: 0 | P12: 0 | Q12: 0 | R12: 0 | S12: 0 | T12: 0 | U12: 0
A13: 542569500104CC | B13: HMSL LLG | C13: 630131090 | D13: 24 | E13: 40 | F13: 140 | G13: 0 | H13: 0 | I13: 0 | J13: 0 | K13: 0 | L13: 140 | M13: 0 | N13: 0 | O13: 0 | P13: 0 | Q13: 0 | R13: 0 | S13: 0 | T13: 0 | U13: 0
A14: 542469500102D1 | B14: 102D1 | C14: 586118320-083 | D14: 25 | E14: 45 | F14: 14 | G14: 42 | H14: 14 | I14: 0 | J14: 0 | K14: 0 | L14: 0 | M14: 0 | N14: 0 | O14: 0 | P14: 0 | Q14: 14 | R14: 14 | S14: 0 | T14: 14 | U14: 0
A15: 542469500118D1 | B15: 118D1 | C15: 586688560-083 | D15: 0 | E15: 10 | F15: 0 | G15: 0 | H15: 0 | I15: 0 | J15: 0 | K15: 0 | L15: 0 | M15: 0 | N15: 0 | O15: 0 | P15: 0 | Q15: 0 | R15: 0 | S15: 0 | T15: 0 | U15: 0
A16: 542469500119D1 | B16: 119D1 | C16: 586688570-083 | D16: 306 | E16: 20 | F16: 308 | G16: 294 | H16: 28 | I16: 70 | J16: 70 | K16: 84 | L16: 56 | M16: 0 | N16: 0 | O16: 28 | P16: 56 | Q16: 56 | R16: 56 | S16: 56 | T16: 42 | U16: 0
A17: 542469500120D1 | B17: 120D1 | C17: 586450180-083 | D17: 15 | E17: 22 | F17: 28 | G17: 28 | H17: 14 | I17: 0 | J17: 0 | K17: 0 | L17: 14 | M17: 0 | N17: 0 | O17: 0 | P17: 0 | Q17: 0 | R17: 14 | S17: 14 | T17: 0 | U17: 0
A18: 546769500115D1 | B18: 115D1 | C18: 586688580-083 | D18: 0 | E18: 0 | F18: 0 | G18: 0 | H18: 0 | I18: 0 | J18: 0 | K18: 0 | L18: 0 | M18: 0 | N18: 0 | O18: 0 | P18: 0 | Q18: 0 | R18: 0 | S18: 0 | T18: 0 | U18: 0
A19: 546769500133D1 | B19: 133D1 | C19: 586688590-083 | D19: 0 | E19: 15 | F19: 14 | G19: 0 | H19: 0 | I19: 0 | J19: 0 | K19: 0 | L19: 14 | M19: 0 | N19: 0 | O19: 0 | P19: 0 | Q19: 0 | R19: 0 | S19: 0 | T19: 0 | U19: 0
A20: 546769500134D1 | B20: 134D1 | C20: 586688600-083 | D20: 46 | E20: 22 | F20: 56 | G20: 14 | H20: 28 | I20: 14 | J20: 14 | K20: 0 | L20: 0 | M20: 0 | N20: 0 | O20: 14 | P20: 0 | Q20: 0 | R20: 0 | S20: 0 | T20: 0 | U20: 0
A21: 546769500135D1 | B21: 135D1 | C21: 586688610-083 | D21: 12 | E21: 22 | F21: 0 | G21: 0 | H21: 0 | I21: 0 | J21: 0 | K21: 0 | L21: 0 | M21: 0 | N21: 0 | O21: 0 | P21: 0 | Q21: 0 | R21: 0 | S21: 0 | T21: 0 | U21: 0
A22: Customer Part No. | B22: Description | C22: Material Code | D22: Customer's Todays Plan | E22: CE open STK | F22: Total Plan | G22: Total Actual | H22: Vehicle Trip Plan | O22: Actual Dispatch
H23: T-1 | I23: T-2 | J23: T-3 | K23: T-4 | L23: T-5 | M23: T-6 | N23: T-7 | O23: T-1 | P23: T-2 | Q23: T-3 | R23: T-4 | S23: T-5 | T23: T-6 | U23: T-7
A25: 546469500102ZX | B25: 102ZX | C25: 587136190-083 | D25: 142 | E25: 12 | H25: 16 | I25: 32 | J25: 32 | K25: 32 | L25: 32 | M25: 0 | N25: 0 | O25: 12 | P25: 0 | Q25: 48 | R25: 0 | S25: 0 | T25: 0 | U25: 0 | W25: 60
A26: 546469500109ZY | B26: 109ZY | C26: 587136180-083 | D26: 19 | E26: 46 | F26: 32 | G26: 0 | H26: 0 | I26: 0 | J26: 16 | K26: 16 | L26: 0 | M26: 0 | O26: 0 | P26: 0 | Q26: 0 | R26: 0 | S26: 0 | T26: 0 | U26: 0 | W26: 0
A27: 546469500114ZY | B27: 114ZY | C27: 587011990-083 | D27: 208 | E27: 146 | F27: 160 | G27: 108 | H27: 48 | I27: 32 | J27: 16 | K27: 16 | L27: 48 | M27: 0 | O27: 48 | P27: 60 | Q27: 0 | R27: 0 | S27: 0 | T27: 0 | U27: 0 | W27: 108
A28: 546469500114ZZ | B28: 114ZZ | C28: 587011990-220 | D28: 103 | E28: 51 | F28: 80 | G28: 44 | H28: 16 | I28: 16 | J28: 16 | K28: 16 | L28: 16 | M28: 0 | O28: 12 | P28: 0 | Q28: 32 | R28: 0 | S28: 0 | T28: 0 | U28: 0 | W28: 44
A29: 546469500102ZZ | B29: 102ZZ | C29: 587136190-220 | D29: 48 | E29: 29 | F29: 64 | G29: 32 | H29: 16 | I29: 16 | J29: 16 | K29: 16 | L29: 0 | M29: 0 | O29: 16 | P29: 0 | Q29: 16 | R29: 0 | S29: 0 | T29: 0 | U29: 0 | W29: 32

Sheet 6-Sep (2)
F1: 45906 | M1: Vehicle Trip Plan | T1: Actual Dispatch | AE1: GAP
M2: T-1 | N2: T-2 | O2: T-3 | P2: T-4 | Q2: T-5 | R2: T-6 | T2: T-1 | U2: T-2 | V2: T-3 | W2: T-4 | X2: T-5 | Y2: T-6 | Z2: T-7 | AA2: T-8 | AB2: T=9 | AD2: Vehicle No. | AE2: T-1 | AF2: T-2 | AG2: T-3 | AH2: T-4 | AI2: T-5 | AJ2: T-6
A3: Customer Part No. | B3: Description | C3: Material Code | D3: Stocking Norm | E3: Customer's Todays Plan | F3: Stock at Customer End | G3: Stock on Wheel | H3: Dispatch Requirement | I3: Short against Requirement | J3: Total Plan | K3: Total Actual | L3: No Of Trolley | M3: 6 | N3: 6 | O3: 6 | P3: 6 | Q3: 6 | R3: 6 | S3: 36 | T3: 6 | U3: 3 | V3: 5 | W3: 4 | X3: 5 | Y3: 5 | AC3: 28 | AE3: 0 | AF3: -3 | AG3: -4 | AH3: 4 | AI3: -2 | AJ3: -8
L4: Vehicle No | AD4: Out Time
AD5: In time
L6: Time | M6: 0.27083333 | N6: 0.375 | O6: 0.5 | P6: 0.625 | Q6: 0.75 | R6: 0.875 | T6: 0.38888889 | U6: 0.38888889 | V6: 0.42361111 | W6: 0.5625 | X6: 0.70833333 | Y6: 0.82986111 | AD6: Actual | AE6: 0.27083333 | AF6: 0.29166667 | AG6: 0.40625 | AH6: 0.46875 | AI6: 0.61458333
A7: 542468900289ZZ | B7: Cluster GB | C7: 753000360-200 | D7: 184 | E7: 44 | F7: 77 | H7: 151 | I7: 55 | J7: 96 | K7: 0 | O7: 96 | AD7: 0 | AE7: 0 | AF7: 0 | AG7: -96 | AH7: -96 | AI7: -96 | AJ7: -96
A8: 542468900289ZV | B8: Cluster ULS | C8: 753000360-324 | D8: 199 | E8: 294 | F8: 120 | H8: 373 | I8: 0 | J8: 384 | K8: 288 | N8: 192 | O8: 96 | P8: 96 | V8: 192 | W8: 96 | AD8: 288 | AE8: 0 | AF8: -192 | AG8: -96 | AH8: -96 | AI8: -96 | AJ8: -96
A9: 542468900289ZQ | B9: Cluster Titan Brown | C9: 753000360-011 | D9: 168 | E9: 30 | F9: 100 | H9: 98 | I9: 2 | J9: 96 | K9: 96 | P9: 96 | Y9: 96 | AD9: 96 | AE9: 0 | AF9: 0 | AG9: 0 | AH9: 0 | AI9: 0 | AJ9: 0
A10: 542468910103CC | B10: Console LLG | C10: 753000370-009 | D10: 200 | E10: 12 | F10: 200 | H10: 12 | I10: 12 | J10: 0 | K10: 0 | AD10: 0 | AE10: 0 | AF10: 0 | AG10: 0 | AH10: 0 | AI10: 0 | AJ10: 0
A11: 542468910103D1 | B11: Console KLG | C11: 753000370-452 | D11: 260 | E11: 200 | F11: 130 | H11: 330 | I11: 0 | J11: 390 | K11: 260 | N11: 260 | P11: 130 | V11: 260 | AD11: 260 | AE11: 0 | AF11: -260 | AG11: 0 | AH11: -130 | AI11: -130 | AJ11: -130
A12: 542569500104D1 | B12: HMSL KLG | C12: 630131090-452 | D12: 140 | E12: 40 | F12: 150 | H12: 30 | I12: 30 | J12: 0 | K12: 0 | AD12: 0 | AE12: 0 | AF12: 0 | AG12: 0 | AH12: 0 | AI12: 0 | AJ12: 0
A13: 542569500104CC | B13: HMSL LLG | C13: 630131090 | D13: 140 | E13: 30 | F13: 60 | H13: 110 | I13: 0 | J13: 140 | K13: 0 | O13: 140 | AD13: 0 | AE13: 0 | AF13: 0 | AG13: -140 | AH13: -140 | AI13: -140 | AJ13: -140
A14: 542469500102D1 | B14: 102D1 | C14: 586118320-083 | D14: 42 | E14: 18 | F14: 48 | H14: 12 | I14: 0 | J14: 42 | K14: 28 | N14: 14 | Q14: 14 | R14: 14 | W14: 14 | Y14: 14 | AD14: 28 | AE14: 0 | AF14: -14 | AG14: -14 | AH14: 14 | AI14: 0 | AJ14: -14
A15: 542469500118D1 | B15: 118D1 | C15: 586688560-083 | D15: 28 | E15: 0 | F15: 32 | H15: 0 | I15: 0 | J15: 0 | K15: 0 | AD15: 0 | AE15: 0 | AF15: 0 | AG15: 0 | AH15: 0 | AI15: 0 | AJ15: 0
A16: 542469500119D1 | B16: 119D1 | C16: 586688570-083 | D16: 84 | E16: 299 | F16: 78 | H16: 305 | I16: 0 | J16: 378 | K16: 266 | M16: 84 | N16: 56 | O16: 56 | P16: 56 | Q16: 56 | R16: 70 | T16: 56 | U16: 56 | V16: 42 | W16: 28 | X16: 42 | Y16: 42 | AD16: 266 | AE16: -28 | AF16: -28 | AG16: -42 | AH16: 14 | AI16: -42 | AJ16: -112
A17: 542469500120D1 | B17: 120D1 | C17: 586450180-083 | D17: 28 | E17: 23 | F17: 42 | H17: 9 | I17: 0 | J17: 28 | K17: 28 | N17: 14 | Q17: 14 | W17: 14 | X17: 14 | AD17: 28 | AE17: 0 | AF17: -14 | AG17: -14 | AH17: 14 | AI17: 0 | AJ17: 0
A18: 546769500115D1 | B18: 115D1 | C18: 586688580-083 | D18: 0 | E18: 0 | F18: 0 | H18: 0 | I18: 0 | J18: 0 | K18: 0 | AD18: 0 | AE18: 0 | AF18: 0 | AG18: 0 | AH18: 0 | AI18: 0 | AJ18: 0
A19: 546769500133D1 | B19: 133D1 | C19: 586688590-083 | D19: 28 | E19: 0 | F19: 11 | H19: 17 | I19: 3 | J19: 14 | K19: 14 | O19: 14 | W19: 14 | AD19: 14 | AE19: 0 | AF19: 0 | AG19: -14 | AH19: 0 | AI19: 0 | AJ19: 0
A20: 546769500134D1 | B20: 134D1 | C20: 586688600-083 | D20: 28 | E20: 10 | F20: 30 | H20: 8 | I20: 0 | J20: 14 | K20: 14 | P20: 14 | X20: 14 | AD20: 14 | AE20: 0 | AF20: 0 | AG20: 0 | AH20: 0 | AI20: 0 | AJ20: 0
A21: 546769500135D1 | B21: 135D1 | C21: 586688610-083 | D21: 28 | E21: 9 | F21: 16 | H21: 21 | I21: 7 | J21: 14 | K21: 28 | P21: 14 | W21: 14 | Y21: 14 | AD21: 28 | AE21: 0 | AF21: 0 | AG21: 0 | AH21: 14 | AI21: 14 | AJ21: 14
A22: 542474700122 | B22: TAIL GATE | C22: 631161170-220 | D22: 50 | E22: 0 | F22: 55 | H22: 0 | I22: 0 | J22: 0 | K22: 0 | AD22: 0 | AE22: 0 | AF22: 0 | AG22: 0 | AH22: 0 | AI22: 0 | AJ22: 0
A23: 542463700115 | B23: SIDE RH | C23: 631161221-220 | D23: 50 | E23: 0 | F23: 60 | H23: 0 | I23: 0 | J23: 0 | K23: 0 | AD23: 0 | AE23: 0 | AF23: 0 | AG23: 0 | AH23: 0 | AI23: 0 | AJ23: 0
A24: 542463700114 | B24: SIDE LH | C24: 631161222-220 | D24: 50 | E24: 0 | F24: 42 | H24: 8 | I24: 8 | J24: 0 | K24: 0 | AD24: 0 | AE24: 0 | AF24: 0 | AG24: 0 | AH24: 0 | AI24: 0 | AJ24: 0
A25: 542472700140 | B25: FR RUBRAIL RH | C25: 631161181-220 | D25: 50 | E25: 0 | F25: 60 | H25: 0 | I25: 0 | J25: 0 | K25: 0 | AD25: 0 | AE25: 0 | AF25: 0 | AG25: 0 | AH25: 0 | AI25: 0 | AJ25: 0
A26: 542472700139 | B26: FR RUBRAIL LH | C26: 631161182-220 | D26: 50 | E26: 0 | F26: 40 | H26: 10 | I26: 10 | J26: 0 | K26: 0 | AD26: 0 | AE26: 0 | AF26: 0 | AG26: 0 | AH26: 0 | AI26: 0 | AJ26: 0
A27: 542473700124 | B27: RR RUBRAIL RH | C27: 631161191-220 | D27: 50 | E27: 0 | F27: 35 | H27: 15 | I27: 15 | J27: 0 | K27: 0 | AD27: 0 | AE27: 0 | AF27: 0 | AG27: 0 | AH27: 0 | AI27: 0 | AJ27: 0
A28: 542473700123 | B28: RR RUBRAIL LH | C28: 631161192-220 | D28: 50 | E28: 0 | F28: 36 | H28: 14 | I28: 14 | J28: 0 | K28: 0 | AD28: 0 | AE28: 0 | AF28: 0 | AG28: 0 | AH28: 0 | AI28: 0 | AJ28: 0
A29: 542488100121 | B29: FR WHEEL ARCH RH | C29: 631161201-220 | D29: 50 | E29: 0 | F29: 250 | H29: 0 | I29: 0 | J29: 0 | K29: 0 | AD29: 0 | AE29: 0 | AF29: 0 | AG29: 0 | AH29: 0 | AI29: 0 | AJ29: 0
A30: 542488100120 | B30: FR WHEEL ARCH LH | C30: 631161202-220 | D30: 50 | E30: 0 | F30: 50 | H30: 0 | I30: 0 | J30: 0 | K30: 0 | AD30: 0 | AE30: 0 | AF30: 0 | AG30: 0 | AH30: 0 | AI30: 0 | AJ30: 0
A31: 542488100123 | B31: RR WHEEL ARCH RH | C31: 631161211-220 | D31: 50 | E31: 0 | F31: 70 | H31: 0 | I31: 0 | J31: 0 | K31: 0 | AD31: 0 | AE31: 0 | AF31: 0 | AG31: 0 | AH31: 0 | AI31: 0 | AJ31: 0
A32: 542488100122 | B32: RR WHEEL ARCH LH | C32: 631161212-220 | D32: 50 | E32: 0 | F32: 30 | H32: 20 | I32: 20 | J32: 0 | K32: 0 | AD32: 0 | AE32: 0 | AF32: 0 | AG32: 0 | AH32: 0 | AI32: 0 | AJ32: 0
A33: 542490600102 | B33: ROOF RAIL RH | C33: 631122171-010 | D33: 50 | E33: 0 | F33: 40 | H33: 10 | I33: 10 | J33: 0 | K33: 0 | AD33: 0 | AE33: 0 | AF33: 0 | AG33: 0 | AH33: 0 | AI33: 0 | AJ33: 0
A34: 542490600101 | B34: ROOF RAIL LH | C34: 631122172-010 | D34: 50 | E34: 0 | F34: 40 | H34: 10 | I34: 10 | J34: 0 | K34: 0 | AD34: 0 | AE34: 0 | AF34: 0 | AG34: 0 | AH34: 0 | AI34: 0 | AJ34: 0
M35: 0.27083333 | N35: 0.33333333 | O35: 0.41666667 | P35: 0.5 | Q35: 0.58333333 | T35: 0.25 | U35: 0.39583333 | V35: 0.51388889 | W35: 0.6875 | AD35: Actual | AE35: 0.27083333
A36: 546469500102ZX | B36: 102ZX | C36: 587136190-083 | D36: 80 | E36: 143 | F36: 60 | H36: 163 | I36: 0 | J36: 176 | K36: 136 | M36: 32 | N36: 32 | O36: 48 | P36: 48 | Q36: 16 | T36: 32 | U36: 44 | V36: 28 | W36: 32 | AD36: 136 | AE36: 0 | AF36: 12 | AG36: -8 | AH36: -24 | AI36: -40 | AJ36: -40
A37: 546469500109ZY | B37: 109ZY | C37: 587136180-083 | D37: 32 | E37: 80 | F37: 22 | H37: 90 | I37: 0 | J37: 96 | K37: 64 | M37: 16 | N37: 16 | O37: 16 | P37: 16 | Q37: 32 | T37: 16 | U37: 16 | V37: 16 | W37: 16 | AD37: 64 | AE37: 0 | AF37: 0 | AG37: 0 | AH37: 0 | AI37: -32 | AJ37: -32
A38: 546469500114ZY | B38: 114ZY | C38: 587011990-083 | D38: 64 | E38: 134 | F38: 54 | H38: 144 | I38: 0 | J38: 144 | K38: 104 | M38: 16 | N38: 16 | O38: 32 | P38: 32 | Q38: 48 | T38: 32 | U38: 16 | V38: 28 | W38: 28 | AD38: 104 | AE38: 16 | AF38: 16 | AG38: 12 | AH38: 8 | AI38: -40 | AJ38: -40
A39: 546469500114ZZ | B39: 114ZZ | C39: 587011990-220 | D39: 32 | E39: 37 | F39: 46 | H39: 23 | I39: 7 | J39: 16 | K39: 16 | M39: 16 | V39: 16 | AD39: 16 | AE39: -16 | AF39: -16 | AG39: 0 | AH39: 0 | AI39: 0 | AJ39: 0
A40: 546469500102ZZ | B40: 102ZZ | C40: 587136190-220 | D40: 32 | E40: 37 | F40: 16 | H40: 53 | I40: 5 | J40: 48 | K40: 40 | L40: - | M40: 16 | N40: 16 | P40: 16 | T40: 12 | U40: 12 | W40: 16 | AD40: 40 | AE40: -4 | AF40: -8 | AG40: -8 | AH40: -8 | AI40: -8 | AJ40: -8
A45: 27
A46: 32
A47: 16
A48: 12
A49: 21

Sheet 06092025 (2)
C1: 45906 | H1: Vehicle Trip Plan | O1: Actual Dispatch
H2: T-1 | I2: T-2 | J2: T-3 | K2: T-4 | L2: T-5 | M2: T-6 | N2: T-7 | O2: T-1 | P2: T-2 | Q2: T-3 | R2: T-4 | S2: T-5 | T2: T-6 | U2: T-7 | V2: T-8
A3: Customer Part No. | B3: Description | C3: Material Code | D3: Customer's Todays Plan | E3: Vehicle No | F3: Total Plan | G3: Total Actual | H3: 0 | I3: 0 | J3: 0 | K3: 0 | L3: 0 | M3: 0 | N3: 0 | O3: 0 | P3: 0 | Q3: 0 | R3: 0 | S3: 0 | T3: 0 | U3: 0
E4: Intime
E5: Out Time
E6: CE open STK | H6: 0.27083333 | I6: 0.375 | J6: 0.5 | K6: 0.625 | L6: 0.75 | M6: 0.875 | O6: 0.38888889 | P6: 0.38888889 | Q6: 0.42361111 | R6: 0.5625 | S6: 0.70833333 | T6: 0.82986111 | U6: 0
A7: 542468900289ZZ | B7: Cluster GB | C7: 753000360-200 | D7: 44 | E7: 77 | F7: 96 | G7: 0 | H7: 0 | I7: 0 | J7: 96 | K7: 0 | L7: 0 | M7: 0 | N7: 0 | O7: 0 | P7: 0 | Q7: 0 | R7: 0 | S7: 0 | T7: 0 | U7: 0
A8: 542468900289ZV | B8: Cluster ULS | C8: 753000360-324 | D8: 294 | E8: 192 | F8: 384 | G8: 288 | H8: 0 | I8: 192 | J8: 96 | K8: 96 | L8: 0 | M8: 0 | N8: 0 | O8: 0 | P8: 0 | Q8: 192 | R8: 96 | S8: 0 | T8: 0 | U8: 0
A9: 542468900289ZQ | B9: Cluster Titan Brown | C9: 753000360-011 | D9: 30 | E9: 40 | F9: 96 | G9: 96 | H9: 0 | I9: 0 | J9: 0 | K9: 96 | L9: 0 | M9: 0 | N9: 0 | O9: 0 | P9: 0 | Q9: 0 | R9: 0 | S9: 0 | T9: 96 | U9: 0
A10: 542468910103CC | B10: Console LLG | C10: 753000370-009 | D10: 12 | E10: 240 | F10: 0 | G10: 0 | H10: 0 | I10: 0 | J10: 0 | K10: 0 | L10: 0 | M10: 0 | N10: 0 | O10: 0 | P10: 0 | Q10: 0 | R10: 0 | S10: 0 | T10: 0 | U10: 0
A11: 542468910103D1 | B11: Console KLG | C11: 753000370-452 | D11: 200 | E11: 130 | F11: 390 | G11: 260 | H11: 0 | I11: 260 | J11: 0 | K11: 130 | L11: 0 | M11: 0 | N11: 0 | O11: 0 | P11: 0 | Q11: 260 | R11: 0 | S11: 0 | T11: 0 | U11: 0
A12: 542569500104D1 | B12: HMSL KLG | C12: 630131090-452 | D12: 40 | E12: 200 | F12: 0 | G12: 0 | H12: 0 | I12: 0 | J12: 0 | K12: 0 | L12: 0 | M12: 0 | N12: 0 | O12: 0 | P12: 0 | Q12: 0 | R12: 0 | S12: 0 | T12: 0 | U12: 0
A13: 542569500104CC | B13: HMSL LLG | C13: 630131090 | D13: 30 | E13: 40 | F13: 140 | G13: 0 | H13: 0 | I13: 0 | J13: 140 | K13: 0 | L13: 0 | M13: 0 | N13: 0 | O13: 0 | P13: 0 | Q13: 0 | R13: 0 | S13: 0 | T13: 0 | U13: 0
A14: 542469500102D1 | B14: 102D1 | C14: 586118320-083 | D14: 18 | E14: 45 | F14: 42 | G14: 28 | H14: 0 | I14: 14 | J14: 0 | K14: 0 | L14: 14 | M14: 14 | N14: 0 | O14: 0 | P14: 0 | Q14: 0 | R14: 14 | S14: 0 | T14: 14 | U14: 0
A15: 542469500118D1 | B15: 118D1 | C15: 586688560-083 | D15: 0 | E15: 10 | F15: 0 | G15: 0 | H15: 0 | I15: 0 | J15: 0 | K15: 0 | L15: 0 | M15: 0 | N15: 0 | O15: 0 | P15: 0 | Q15: 0 | R15: 0 | S15: 0 | T15: 0 | U15: 0
A16: 542469500119D1 | B16: 119D1 | C16: 586688570-083 | D16: 299 | E16: 20 | F16: 378 | G16: 266 | H16: 84 | I16: 56 | J16: 56 | K16: 56 | L16: 56 | M16: 70 | N16: 0 | O16: 56 | P16: 56 | Q16: 42 | R16: 28 | S16: 42 | T16: 42 | U16: 0
A17: 542469500120D1 | B17: 120D1 | C17: 586450180-083 | D17: 23 | E17: 22 | F17: 28 | G17: 28 | H17: 0 | I17: 14 | J17: 0 | K17: 0 | L17: 14 | M17: 0 | N17: 0 | O17: 0 | P17: 0 | Q17: 0 | R17: 14 | S17: 14 | T17: 0 | U17: 0
A18: 546769500115D1 | B18: 115D1 | C18: 586688580-083 | D18: 0 | E18: 0 | F18: 0 | G18: 0 | H18: 0 | I18: 0 | J18: 0 | K18: 0 | L18: 0 | M18: 0 | N18: 0 | O18: 0 | P18: 0 | Q18: 0 | R18: 0 | S18: 0 | T18: 0 | U18: 0
A19: 546769500133D1 | B19: 133D1 | C19: 586688590-083 | D19: 0 | E19: 15 | F19: 14 | G19: 14 | H19: 0 | I19: 0 | J19: 14 | K19: 0 | L19: 0 | M19: 0 | N19: 0 | O19: 0 | P19: 0 | Q19: 0 | R19: 14 | S19: 0 | T19: 0 | U19: 0
A20: 546769500134D1 | B20: 134D1 | C20: 586688600-083 | D20: 10 | E20: 22 | F20: 14 | G20: 14 | H20: 0 | I20: 0 | J20: 0 | K20: 14 | L20: 0 | M20: 0 | N20: 0 | O20: 0 | P20: 0 | Q20: 0 | R20: 0 | S20: 14 | T20: 0 | U20: 0
A21: 546769500135D1 | B21: 135D1 | C21: 586688610-083 | D21: 9 | E21: 22 | F21: 14 | G21: 28 | H21: 0 | I21: 0 | J21: 0 | K21: 14 | L21: 0 | M21: 0 | N21: 0 | O21: 0 | P21: 0 | Q21: 0 | R21: 14 | S21: 0 | T21: 14 | U21: 0
A22: Customer Part No. | B22: Description | C22: Material Code | D22: Customer's Todays Plan | E22: CE open STK | F22: Total Plan | G22: Total Actual | H22: Vehicle Trip Plan | O22: Actual Dispatch
H23: T-1 | I23: T-2 | J23: T-3 | K23: T-4 | L23: T-5 | M23: T-6 | N23: T-7 | O23: T-1 | P23: T-2 | Q23: T-3 | R23: T-4 | S23: T-5 | T23: T-6 | U23: T-7
H24: 0.27083333 | I24: 0.33333333 | J24: 0.41666667 | K24: 0.5 | L24: 0.58333333
A25: 546469500102ZX | B25: 102ZX | C25: 587136190-083 | D25: 143 | E25: 12 | H25: 32 | I25: 32 | J25: 48 | K25: 48 | L25: 16 | M25: 0 | N25: 0 | O25: 32 | P25: 44 | Q25: 28 | R25: 32 | S25: 0 | T25: 0 | U25: 0 | W25: 136
A26: 546469500109ZY | B26: 109ZY | C26: 587136180-083 | D26: 80 | E26: 46 | F26: 96 | G26: 64 | H26: 16 | I26: 16 | J26: 16 | K26: 16 | L26: 32 | M26: 0 | O26: 16 | P26: 16 | Q26: 16 | R26: 16 | S26: 0 | T26: 0 | U26: 0 | W26: 64
A27: 546469500114ZY | B27: 114ZY | C27: 587011990-083 | D27: 134 | E27: 146 | F27: 144 | G27: 104 | H27: 16 | I27: 16 | J27: 32 | K27: 32 | L27: 48 | M27: 0 | O27: 32 | P27: 16 | Q27: 28 | R27: 28 | S27: 0 | T27: 0 | U27: 0 | W27: 104
A28: 546469500114ZZ | B28: 114ZZ | C28: 587011990-220 | D28: 37 | E28: 51 | F28: 16 | G28: 16 | H28: 16 | I28: 0 | J28: 0 | K28: 0 | L28: 0 | M28: 0 | O28: 0 | P28: 0 | Q28: 16 | R28: 0 | S28: 0 | T28: 0 | U28: 0 | W28: 16
A29: 546469500102ZZ | B29: 102ZZ | C29: 587136190-220 | D29: 37 | E29: 29 | F29: 48 | G29: 40 | H29: 16 | I29: 16 | J29: 0 | K29: 16 | L29: 0 | M29: 0 | O29: 12 | P29: 12 | Q29: 0 | R29: 16 | S29: 0 | T29: 0 | U29: 0 | W29: 40

Sheet 08092025
C1: ='8-Sep'!F1 -> 45908 | H1: Vehicle Trip Plan | O1: Actual Dispatch
H2: T-1 | I2: T-2 | J2: T-3 | K2: T-4 | L2: T-5 | M2: T-6 | N2: T-7 | O2: T-1 | P2: T-2 | Q2: T-3 | R2: T-4 | S2: T-5 | T2: T-6 | U2: T-7 | V2: T-8
A3: Customer Part No. | B3: Description | C3: Material Code | D3: Customer's Todays Plan | E3: Vehicle No | F3: Total Plan | G3: Total Actual | H3: ='8-Sep'!M4 -> 0 | I3: ='8-Sep'!N4 -> 0 | J3: ='8-Sep'!O4 -> 0 | K3: ='8-Sep'!P4 -> 0 | L3: ='8-Sep'!Q4 -> 0 | M3: ='8-Sep'!R4 -> 0 | N3: ='8-Sep'!S4 -> 0 | O3: ='8-Sep'!T4 -> 0 | ... U3: ='8-Sep'!Z4 -> 0
E4: Intime
E5: Out Time
E6: CE open STK | H6: ='8-Sep'!M6 -> 0.25 | I6: ='8-Sep'!N6 -> 0.25 | J6: ='8-Sep'!O6 -> 0.375 | K6: ='8-Sep'!P6 -> 0.625 | L6: ='8-Sep'!Q6 -> 0.75 | M6: ='8-Sep'!R6 -> 0 | O6: ='8-Sep'!T6 -> 0 | P6: ='8-Sep'!U6 -> 0 | Q6: ='8-Sep'!V6 -> 0 | R6: ='8-Sep'!W6 -> 0 | S6: ='8-Sep'!X6 -> 0 | T6: ='8-Sep'!Y6 -> 0 | U6: ='8-Sep'!Z6 -> 0
A7: 542468900289ZZ | B7: Cluster GB | C7: 753000360-200 | D7: =VLOOKUP($A7,'8-Sep'!$A:$F,5,0) -> 26 | E7: =VLOOKUP($A7,'8-Sep'!$A:$F,6,0) -> 81 | F7: =SUM(H7:N7) -> 96 | G7: =SUM(O7:U7) -> 0 | H7: ='8-Sep'!M7 -> 0 | I7: ='8-Sep'!N7 -> 96 | J7: ='8-Sep'!O7 -> 0 | K7: ='8-Sep'!P7 -> 0 | L7: ='8-Sep'!Q7 -> 0 | M7: ='8-Sep'!R7 -> 0 | N7: ='8-Sep'!S7 -> 0 | O7: =VLOOKUP($A7,'8-Sep'!$A$3:$Z$45,20,0) -> 0 | P7: =VLOOKUP($A7,'8-Sep'!$A$3:$Z$45,21,0) -> 0 | Q7: =VLOOKUP($A7,'8-Sep'!$A$3:$Z$45,22,0) -> 0 | R7: =VLOOKUP($A7,'8-Sep'!$A$3:$Z$45,23,0) -> 0 | S7: =VLOOKUP($A7,'8-Sep'!$A$3:$Z$45,24,0) -> 0 | T7: =VLOOKUP($A7,'8-Sep'!$A$3:$Z$45,25,0) -> 0 | U7: =VLOOKUP($A7,'8-Sep'!$A$3:$Z$45,26,0) -> 0
A8: 542468900289ZV | B8: Cluster ULS | C8: 753000360-324 | D8: =VLOOKUP($A8,'8-Sep'!$A:$F,5,0) -> 374 | E8: =VLOOKUP($A8,'8-Sep'!$A:$F,6,0) -> 71 | F8: =SUM(H8:N8) -> 480 | G8: =SUM(O8:U8) -> 0 | H8: ='8-Sep'!M8 -> 192 | I8: ='8-Sep'!N8 -> 0 | J8: ='8-Sep'!O8 -> 96 | K8: ='8-Sep'!P8 -> 96 | L8: ='8-Sep'!Q8 -> 96 | M8: ='8-Sep'!R8 -> 0 | N8: ='8-Sep'!S8 -> 0 | O8: =VLOOKUP($A8,'8-Sep'!$A$3:$Z$45,20,0) -> 0 | P8: =VLOOKUP($A8,'8-Sep'!$A$3:$Z$45,21,0) -> 0 | Q8: =VLOOKUP($A8,'8-Sep'!$A$3:$Z$45,22,0) -> 0 | R8: =VLOOKUP($A8,'8-Sep'!$A$3:$Z$45,23,0) -> 0 | S8: =VLOOKUP($A8,'8-Sep'!$A$3:$Z$45,24,0) -> 0 | T8: =VLOOKUP($A8,'8-Sep'!$A$3:$Z$45,25,0) -> 0 | U8: =VLOOKUP($A8,'8-Sep'!$A$3:$Z$45,26,0) -> 0
A9: 542468900289ZQ | B9: Cluster Titan Brown | C9: 753000360-011 | D9: =VLOOKUP($A9,'8-Sep'!$A:$F,5,0) -> 20 | E9: =VLOOKUP($A9,'8-Sep'!$A:$F,6,0) -> 178 | F9: =SUM(H9:N9) -> 0 | G9: =SUM(O9:U9) -> 0 | H9: ='8-Sep'!M9 -> 0 | I9: ='8-Sep'!N9 -> 0 | J9: ='8-Sep'!O9 -> 0 | K9: ='8-Sep'!P9 -> 0 | L9: ='8-Sep'!Q9 -> 0 | M9: ='8-Sep'!R9 -> 0 | N9: ='8-Sep'!S9 -> 0 | O9: =VLOOKUP($A9,'8-Sep'!$A$3:$Z$45,20,0) -> 0 | P9: =VLOOKUP($A9,'8-Sep'!$A$3:$Z$45,21,0) -> 0 | Q9: =VLOOKUP($A9,'8-Sep'!$A$3:$Z$45,22,0) -> 0 | R9: =VLOOKUP($A9,'8-Sep'!$A$3:$Z$45,23,0) -> 0 | S9: =VLOOKUP($A9,'8-Sep'!$A$3:$Z$45,24,0) -> 0 | T9: =VLOOKUP($A9,'8-Sep'!$A$3:$Z$45,25,0) -> 0 | U9: =VLOOKUP($A9,'8-Sep'!$A$3:$Z$45,26,0) -> 0
A10: 542468910103CC | B10: Console LLG | C10: 753000370-009 | D10: =VLOOKUP($A10,'8-Sep'!$A:$F,5,0) -> 4 | E10: =VLOOKUP($A10,'8-Sep'!$A:$F,6,0) -> 200 | F10: =SUM(H10:N10) -> 0 | G10: =SUM(O10:U10) -> 0 | H10: ='8-Sep'!M10 -> 0 | I10: ='8-Sep'!N10 -> 0 | J10: ='8-Sep'!O10 -> 0 | K10: ='8-Sep'!P10 -> 0 | L10: ='8-Sep'!Q10 -> 0 | M10: ='8-Sep'!R10 -> 0 | N10: ='8-Sep'!S10 -> 0 | O10: =VLOOKUP($A10,'8-Sep'!$A$3:$Z$45,20,0) -> 0 | P10: =VLOOKUP($A10,'8-Sep'!$A$3:$Z$45,21,0) -> 0 | Q10: =VLOOKUP($A10,'8-Sep'!$A$3:$Z$45,22,0) -> 0 | R10: =VLOOKUP($A10,'8-Sep'!$A$3:$Z$45,23,0) -> 0 | S10: =VLOOKUP($A10,'8-Sep'!$A$3:$Z$45,24,0) -> 0 | T10: =VLOOKUP($A10,'8-Sep'!$A$3:$Z$45,25,0) -> 0 | U10: =VLOOKUP($A10,'8-Sep'!$A$3:$Z$45,26,0) -> 0
A11: 542468910103D1 | B11: Console KLG | C11: 753000370-452 | D11: =VLOOKUP($A11,'8-Sep'!$A:$F,5,0) -> 271 | E11: =VLOOKUP($A11,'8-Sep'!$A:$F,6,0) -> 130 | F11: =SUM(H11:N11) -> 390 | G11: =SUM(O11:U11) -> 0 | H11: ='8-Sep'!M11 -> 130 | I11: ='8-Sep'!N11 -> 0 | J11: ='8-Sep'!O11 -> 130 | K11: ='8-Sep'!P11 -> 130 | L11: ='8-Sep'!Q11 -> 0 | M11: ='8-Sep'!R11 -> 0 | N11: ='8-Sep'!S11 -> 0 | O11: =VLOOKUP($A11,'8-Sep'!$A$3:$Z$45,20,0) -> 0 | P11: =VLOOKUP($A11,'8-Sep'!$A$3:$Z$45,21,0) -> 0 | Q11: =VLOOKUP($A11,'8-Sep'!$A$3:$Z$45,22,0) -> 0 | R11: =VLOOKUP($A11,'8-Sep'!$A$3:$Z$45,23,0) -> 0 | S11: =VLOOKUP($A11,'8-Sep'!$A$3:$Z$45,24,0) -> 0 | T11: =VLOOKUP($A11,'8-Sep'!$A$3:$Z$45,25,0) -> 0 | U11: =VLOOKUP($A11,'8-Sep'!$A$3:$Z$45,26,0) -> 0
A12: 542569500104D1 | B12: HMSL KLG | C12: 630131090-452 | D12: =VLOOKUP($A12,'8-Sep'!$A:$F,5,0) -> 0 | E12: =VLOOKUP($A12,'8-Sep'!$A:$F,6,0) -> 200 | F12: =SUM(H12:N12) -> 0 | G12: =SUM(O12:U12) -> 0 | H12: ='8-Sep'!M12 -> 0 | I12: ='8-Sep'!N12 -> 0 | J12: ='8-Sep'!O12 -> 0 | K12: ='8-Sep'!P12 -> 0 | L12: ='8-Sep'!Q12 -> 0 | M12: ='8-Sep'!R12 -> 0 | N12: ='8-Sep'!S12 -> 0 | O12: =VLOOKUP($A12,'8-Sep'!$A$3:$Z$45,20,0) -> 0 | P12: =VLOOKUP($A12,'8-Sep'!$A$3:$Z$45,21,0) -> 0 | Q12: =VLOOKUP($A12,'8-Sep'!$A$3:$Z$45,22,0) -> 0 | R12: =VLOOKUP($A12,'8-Sep'!$A$3:$Z$45,23,0) -> 0 | S12: =VLOOKUP($A12,'8-Sep'!$A$3:$Z$45,24,0) -> 0 | T12: =VLOOKUP($A12,'8-Sep'!$A$3:$Z$45,25,0) -> 0 | U12: =VLOOKUP($A12,'8-Sep'!$A$3:$Z$45,26,0) -> 0
A13: 542569500104CC | B13: HMSL LLG | C13: 630131090 | D13: =VLOOKUP($A13,'8-Sep'!$A:$F,5,0) -> 20 | E13: =VLOOKUP($A13,'8-Sep'!$A:$F,6,0) -> 140 | F13: =SUM(H13:N13) -> 0 | G13: =SUM(O13:U13) -> 0 | H13: ='8-Sep'!M13 -> 0 | I13: ='8-Sep'!N13 -> 0 | J13: ='8-Sep'!O13 -> 0 | K13: ='8-Sep'!P13 -> 0 | L13: ='8-Sep'!Q13 -> 0 | M13: ='8-Sep'!R13 -> 0 | N13: ='8-Sep'!S13 -> 0 | O13: =VLOOKUP($A13,'8-Sep'!$A$3:$Z$45,20,0) -> 0 | P13: =VLOOKUP($A13,'8-Sep'!$A$3:$Z$45,21,0) -> 0 | Q13: =VLOOKUP($A13,'8-Sep'!$A$3:$Z$45,22,0) -> 0 | R13: =VLOOKUP($A13,'8-Sep'!$A$3:$Z$45,23,0) -> 0 | S13: =VLOOKUP($A13,'8-Sep'!$A$3:$Z$45,24,0) -> 0 | T13: =VLOOKUP($A13,'8-Sep'!$A$3:$Z$45,25,0) -> 0 | U13: =VLOOKUP($A13,'8-Sep'!$A$3:$Z$45,26,0) -> 0
A14: 542469500102D1 | B14: 102D1 | C14: 586118320-083 | D14: =VLOOKUP($A14,'8-Sep'!$A:$F,5,0) -> 66 | E14: =VLOOKUP($A14,'8-Sep'!$A:$F,6,0) -> 63 | F14: =SUM(H14:N14) -> 42 | G14: =SUM(O14:U14) -> 0 | H14: ='8-Sep'!M14 -> 14 | I14: ='8-Sep'!N14 -> 0 | J14: ='8-Sep'!O14 -> 14 | K14: ='8-Sep'!P14 -> 14 | L14: ='8-Sep'!Q14 -> 0 | M14: ='8-Sep'!R14 -> 0 | N14: ='8-Sep'!S14 -> 0 | O14: =VLOOKUP($A14,'8-Sep'!$A$3:$Z$45,20,0) -> 0 | P14: =VLOOKUP($A14,'8-Sep'!$A$3:$Z$45,21,0) -> 0 | Q14: =VLOOKUP($A14,'8-Sep'!$A$3:$Z$45,22,0) -> 0 | R14: =VLOOKUP($A14,'8-Sep'!$A$3:$Z$45,23,0) -> 0 | S14: =VLOOKUP($A14,'8-Sep'!$A$3:$Z$45,24,0) -> 0 | T14: =VLOOKUP($A14,'8-Sep'!$A$3:$Z$45,25,0) -> 0 | U14: =VLOOKUP($A14,'8-Sep'!$A$3:$Z$45,26,0) -> 0
A15: 542469500118D1 | B15: 118D1 | C15: 586688560-083 | D15: =VLOOKUP($A15,'8-Sep'!$A:$F,5,0) -> 6 | E15: =VLOOKUP($A15,'8-Sep'!$A:$F,6,0) -> 38 | F15: =SUM(H15:N15) -> 0 | G15: =SUM(O15:U15) -> 0 | H15: ='8-Sep'!M15 -> 0 | I15: ='8-Sep'!N15 -> 0 | J15: ='8-Sep'!O15 -> 0 | K15: ='8-Sep'!P15 -> 0 | L15: ='8-Sep'!Q15 -> 0 | M15: ='8-Sep'!R15 -> 0 | N15: ='8-Sep'!S15 -> 0 | O15: =VLOOKUP($A15,'8-Sep'!$A$3:$Z$45,20,0) -> 0 | P15: =VLOOKUP($A15,'8-Sep'!$A$3:$Z$45,21,0) -> 0 | Q15: =VLOOKUP($A15,'8-Sep'!$A$3:$Z$45,22,0) -> 0 | R15: =VLOOKUP($A15,'8-Sep'!$A$3:$Z$45,23,0) -> 0 | S15: =VLOOKUP($A15,'8-Sep'!$A$3:$Z$45,24,0) -> 0 | T15: =VLOOKUP($A15,'8-Sep'!$A$3:$Z$45,25,0) -> 0 | U15: =VLOOKUP($A15,'8-Sep'!$A$3:$Z$45,26,0) -> 0
A16: 542469500119D1 | B16: 119D1 | C16: 586688570-083 | D16: =VLOOKUP($A16,'8-Sep'!$A:$F,5,0) -> 225 | E16: =VLOOKUP($A16,'8-Sep'!$A:$F,6,0) -> 45 | F16: =SUM(H16:N16) -> 254 | G16: =SUM(O16:U16) -> 0 | H16: ='8-Sep'!M16 -> 44 | I16: ='8-Sep'!N16 -> 70 | J16: ='8-Sep'!O16 -> 42 | K16: ='8-Sep'!P16 -> 42 | L16: ='8-Sep'!Q16 -> 56 | M16: ='8-Sep'!R16 -> 0 | N16: ='8-Sep'!S16 -> 0 | O16: =VLOOKUP($A16,'8-Sep'!$A$3:$Z$45,20,0) -> 0 | P16: =VLOOKUP($A16,'8-Sep'!$A$3:$Z$45,21,0) -> 0 | Q16: =VLOOKUP($A16,'8-Sep'!$A$3:$Z$45,22,0) -> 0 | R16: =VLOOKUP($A16,'8-Sep'!$A$3:$Z$45,23,0) -> 0 | S16: =VLOOKUP($A16,'8-Sep'!$A$3:$Z$45,24,0) -> 0 | T16: =VLOOKUP($A16,'8-Sep'!$A$3:$Z$45,25,0) -> 0 | U16: =VLOOKUP($A16,'8-Sep'!$A$3:$Z$45,26,0) -> 0
A17: 542469500120D1 | B17: 120D1 | C17: 586450180-083 | D17: =VLOOKUP($A17,'8-Sep'!$A:$F,5,0) -> 43 | E17: =VLOOKUP($A17,'8-Sep'!$A:$F,6,0) -> 48 | F17: =SUM(H17:N17) -> 28 | G17: =SUM(O17:U17) -> 0 | H17: ='8-Sep'!M17 -> 0 | I17: ='8-Sep'!N17 -> 0 | J17: ='8-Sep'!O17 -> 14 | K17: ='8-Sep'!P17 -> 0 | L17: ='8-Sep'!Q17 -> 14 | M17: ='8-Sep'!R17 -> 0 | N17: ='8-Sep'!S17 -> 0 | O17: =VLOOKUP($A17,'8-Sep'!$A$3:$Z$45,20,0) -> 0 | P17: =VLOOKUP($A17,'8-Sep'!$A$3:$Z$45,21,0) -> 0 | Q17: =VLOOKUP($A17,'8-Sep'!$A$3:$Z$45,22,0) -> 0 | R17: =VLOOKUP($A17,'8-Sep'!$A$3:$Z$45,23,0) -> 0 | S17: =VLOOKUP($A17,'8-Sep'!$A$3:$Z$45,24,0) -> 0 | T17: =VLOOKUP($A17,'8-Sep'!$A$3:$Z$45,25,0) -> 0 | U17: =VLOOKUP($A17,'8-Sep'!$A$3:$Z$45,26,0) -> 0
A18: 546769500115D1 | B18: 115D1 | C18: 586688580-083 | D18: =VLOOKUP($A18,'8-Sep'!$A:$F,5,0) -> 0 | E18: =VLOOKUP($A18,'8-Sep'!$A:$F,6,0) -> 0 | F18: =SUM(H18:N18) -> 0 | G18: =SUM(O18:U18) -> 0 | H18: ='8-Sep'!M18 -> 0 | I18: ='8-Sep'!N18 -> 0 | J18: ='8-Sep'!O18 -> 0 | K18: ='8-Sep'!P18 -> 0 | L18: ='8-Sep'!Q18 -> 0 | M18: ='8-Sep'!R18 -> 0 | N18: ='8-Sep'!S18 -> 0 | O18: =VLOOKUP($A18,'8-Sep'!$A$3:$Z$45,20,0) -> 0 | P18: =VLOOKUP($A18,'8-Sep'!$A$3:$Z$45,21,0) -> 0 | Q18: =VLOOKUP($A18,'8-Sep'!$A$3:$Z$45,22,0) -> 0 | R18: =VLOOKUP($A18,'8-Sep'!$A$3:$Z$45,23,0) -> 0 | S18: =VLOOKUP($A18,'8-Sep'!$A$3:$Z$45,24,0) -> 0 | T18: =VLOOKUP($A18,'8-Sep'!$A$3:$Z$45,25,0) -> 0 | U18: =VLOOKUP($A18,'8-Sep'!$A$3:$Z$45,26,0) -> 0
A19: 546769500133D1 | B19: 133D1 | C19: 586688590-083 | D19: =VLOOKUP($A19,'8-Sep'!$A:$F,5,0) -> 4 | E19: =VLOOKUP($A19,'8-Sep'!$A:$F,6,0) -> 25 | F19: =SUM(H19:N19) -> 0 | G19: =SUM(O19:U19) -> 0 | H19: ='8-Sep'!M19 -> 0 | I19: ='8-Sep'!N19 -> 0 | J19: ='8-Sep'!O19 -> 0 | K19: ='8-Sep'!P19 -> 0 | L19: ='8-Sep'!Q19 -> 0 | M19: ='8-Sep'!R19 -> 0 | N19: ='8-Sep'!S19 -> 0 | O19: =VLOOKUP($A19,'8-Sep'!$A$3:$Z$45,20,0) -> 0 | P19: =VLOOKUP($A19,'8-Sep'!$A$3:$Z$45,21,0) -> 0 | Q19: =VLOOKUP($A19,'8-Sep'!$A$3:$Z$45,22,0) -> 0 | R19: =VLOOKUP($A19,'8-Sep'!$A$3:$Z$45,23,0) -> 0 | S19: =VLOOKUP($A19,'8-Sep'!$A$3:$Z$45,24,0) -> 0 | T19: =VLOOKUP($A19,'8-Sep'!$A$3:$Z$45,25,0) -> 0 | U19: =VLOOKUP($A19,'8-Sep'!$A$3:$Z$45,26,0) -> 0
A20: 546769500134D1 | B20: 134D1 | C20: 586688600-083 | D20: =VLOOKUP($A20,'8-Sep'!$A:$F,5,0) -> 46 | E20: =VLOOKUP($A20,'8-Sep'!$A:$F,6,0) -> 28 | F20: =SUM(H20:N20) -> 56 | G20: =SUM(O20:U20) -> 0 | H20: ='8-Sep'!M20 -> 14 | I20: ='8-Sep'!N20 -> 14 | J20: ='8-Sep'!O20 -> 0 | K20: ='8-Sep'!P20 -> 14 | L20: ='8-Sep'!Q20 -> 14 | M20: ='8-Sep'!R20 -> 0 | N20: ='8-Sep'!S20 -> 0 | O20: =VLOOKUP($A20,'8-Sep'!$A$3:$Z$45,20,0) -> 0 | P20: =VLOOKUP($A20,'8-Sep'!$A$3:$Z$45,21,0) -> 0 | Q20: =VLOOKUP($A20,'8-Sep'!$A$3:$Z$45,22,0) -> 0 | R20: =VLOOKUP($A20,'8-Sep'!$A$3:$Z$45,23,0) -> 0 | S20: =VLOOKUP($A20,'8-Sep'!$A$3:$Z$45,24,0) -> 0 | T20: =VLOOKUP($A20,'8-Sep'!$A$3:$Z$45,25,0) -> 0 | U20: =VLOOKUP($A20,'8-Sep'!$A$3:$Z$45,26,0) -> 0
A21: 546769500135D1 | B21: 135D1 | C21: 586688610-083 | D21: =VLOOKUP($A21,'8-Sep'!$A:$F,5,0) -> 20 | E21: =VLOOKUP($A21,'8-Sep'!$A:$F,6,0) -> 14 | F21: =SUM(H21:N21) -> 42 | G21: =SUM(O21:U21) -> 0 | H21: ='8-Sep'!M21 -> 14 | I21: ='8-Sep'!N21 -> 0 | J21: ='8-Sep'!O21 -> 14 | K21: ='8-Sep'!P21 -> 14 | L21: ='8-Sep'!Q21 -> 0 | M21: ='8-Sep'!R21 -> 0 | N21: ='8-Sep'!S21 -> 0 | O21: =VLOOKUP($A21,'8-Sep'!$A$3:$Z$45,20,0) -> 0 | P21: =VLOOKUP($A21,'8-Sep'!$A$3:$Z$45,21,0) -> 0 | Q21: =VLOOKUP($A21,'8-Sep'!$A$3:$Z$45,22,0) -> 0 | R21: =VLOOKUP($A21,'8-Sep'!$A$3:$Z$45,23,0) -> 0 | S21: =VLOOKUP($A21,'8-Sep'!$A$3:$Z$45,24,0) -> 0 | T21: =VLOOKUP($A21,'8-Sep'!$A$3:$Z$45,25,0) -> 0 | U21: =VLOOKUP($A21,'8-Sep'!$A$3:$Z$45,26,0) -> 0
A22: Customer Part No. | B22: Description | C22: Material Code | D22: Customer's Todays Plan | E22: CE open STK | F22: Total Plan | G22: Total Actual | H22: Vehicle Trip Plan | O22: Actual Dispatch
H23: T-1 | I23: T-2 | J23: T-3 | K23: T-4 | L23: T-5 | M23: T-6 | N23: T-7 | O23: T-1 | P23: T-2 | Q23: T-3 | R23: T-4 | S23: T-5 | T23: T-6 | U23: T-7
H24: ='8-Sep'!M35 -> 0.25 | I24: ='8-Sep'!N35 -> 0.375 | J24: ='8-Sep'!O35 -> 0.45833333 | K24: ='8-Sep'!P35 -> 0.54166667 | L24: ='8-Sep'!Q35 -> 0.625
A25: 546469500102ZX | B25: 102ZX | C25: 587136190-083 | D25: =VLOOKUP($A25,'8-Sep'!$A:$F,5,0) -> 147 | E25: ='8-Sep'!F36 -> 62 | H25: ='8-Sep'!M36 -> 48 | I25: ='8-Sep'!N36 -> 32 | J25: ='8-Sep'!O36 -> 32 | K25: ='8-Sep'!P36 -> 48 | L25: ='8-Sep'!Q36 -> 32 | M25: ='8-Sep'!R36 -> 0 | N25: ='8-Sep'!S36 -> 0 | O25: =VLOOKUP($A25,'8-Sep'!$A$3:$Z$45,20,0) -> 0 | P25: =VLOOKUP($A25,'8-Sep'!$A$3:$Z$45,21,0) -> 0 | Q25: =VLOOKUP($A25,'8-Sep'!$A$3:$Z$45,22,0) -> 0 | R25: =VLOOKUP($A25,'8-Sep'!$A$3:$Z$45,23,0) -> 0 | S25: =VLOOKUP($A25,'8-Sep'!$A$3:$Z$45,24,0) -> 0 | T25: =VLOOKUP($A25,'8-Sep'!$A$3:$Z$45,25,0) -> 0 | U25: =VLOOKUP($A25,'8-Sep'!$A$3:$Z$45,26,0) -> 0 | W25: =SUM(O25:V25) -> 0
A26: 546469500109ZY | B26: 109ZY | C26: 587136180-083 | D26: =VLOOKUP($A26,'8-Sep'!$A:$F,5,0) -> 110 | E26: ='8-Sep'!F37 -> 46 | F26: =SUM(H26:N26) -> 80 | G26: =SUM(O26:U26) -> 0 | H26: ='8-Sep'!M37 -> 48 | I26: ='8-Sep'!N37 -> 16 | J26: ='8-Sep'!O37 -> 0 | K26: ='8-Sep'!P37 -> 0 | L26: ='8-Sep'!Q37 -> 16 | M26: ='8-Sep'!R37 -> 0 | O26: =VLOOKUP($A26,'8-Sep'!$A$3:$Z$45,20,0) -> 0 | P26: =VLOOKUP($A26,'8-Sep'!$A$3:$Z$45,21,0) -> 0 | Q26: =VLOOKUP($A26,'8-Sep'!$A$3:$Z$45,22,0) -> 0 | R26: =VLOOKUP($A26,'8-Sep'!$A$3:$Z$45,23,0) -> 0 | S26: =VLOOKUP($A26,'8-Sep'!$A$3:$Z$45,24,0) -> 0 | T26: =VLOOKUP($A26,'8-Sep'!$A$3:$Z$45,25,0) -> 0 | U26: =VLOOKUP($A26,'8-Sep'!$A$3:$Z$45,26,0) -> 0 | W26: =SUM(O26:V26) -> 0
A27: 546469500114ZY | B27: 114ZY | C27: 587011990-083 | D27: =VLOOKUP($A27,'8-Sep'!$A:$F,5,0) -> 47 | E27: ='8-Sep'!F38 -> 32 | F27: =SUM(H27:N27) -> 128 | G27: =SUM(O27:U27) -> 0 | H27: ='8-Sep'!M38 -> 0 | I27: ='8-Sep'!N38 -> 16 | J27: ='8-Sep'!O38 -> 32 | K27: ='8-Sep'!P38 -> 48 | L27: ='8-Sep'!Q38 -> 32 | M27: ='8-Sep'!R38 -> 0 | O27: =VLOOKUP($A27,'8-Sep'!$A$3:$Z$45,20,0) -> 0 | P27: =VLOOKUP($A27,'8-Sep'!$A$3:$Z$45,21,0) -> 0 | Q27: =VLOOKUP($A27,'8-Sep'!$A$3:$Z$45,22,0) -> 0 | R27: =VLOOKUP($A27,'8-Sep'!$A$3:$Z$45,23,0) -> 0 | S27: =VLOOKUP($A27,'8-Sep'!$A$3:$Z$45,24,0) -> 0 | T27: =VLOOKUP($A27,'8-Sep'!$A$3:$Z$45,25,0) -> 0 | U27: =VLOOKUP($A27,'8-Sep'!$A$3:$Z$45,26,0) -> 0 | W27: =SUM(O27:V27) -> 0
A28: 546469500114ZZ | B28: 114ZZ | C28: 587011990-220 | D28: =VLOOKUP($A28,'8-Sep'!$A:$F,5,0) -> 37 | E28: ='8-Sep'!F39 -> 28 | F28: =SUM(H28:N28) -> 32 | G28: =SUM(O28:U28) -> 0 | H28: ='8-Sep'!M39 -> 0 | I28: ='8-Sep'!N39 -> 16 | J28: ='8-Sep'!O39 -> 0 | K28: ='8-Sep'!P39 -> 0 | L28: ='8-Sep'!Q39 -> 16 | M28: ='8-Sep'!R39 -> 0 | O28: =VLOOKUP($A28,'8-Sep'!$A$3:$Z$45,20,0) -> 0 | P28: =VLOOKUP($A28,'8-Sep'!$A$3:$Z$45,21,0) -> 0 | Q28: =VLOOKUP($A28,'8-Sep'!$A$3:$Z$45,22,0) -> 0 | R28: =VLOOKUP($A28,'8-Sep'!$A$3:$Z$45,23,0) -> 0 | S28: =VLOOKUP($A28,'8-Sep'!$A$3:$Z$45,24,0) -> 0 | T28: =VLOOKUP($A28,'8-Sep'!$A$3:$Z$45,25,0) -> 0 | U28: =VLOOKUP($A28,'8-Sep'!$A$3:$Z$45,26,0) -> 0 | W28: =SUM(O28:V28) -> 0
A29: 546469500102ZZ | B29: 102ZZ | C29: 587136190-220 | D29: =VLOOKUP($A29,'8-Sep'!$A:$F,5,0) -> 23 | E29: ='8-Sep'!F40 -> 39 | F29: =SUM(H29:N29) -> 32 | G29: =SUM(O29:U29) -> 0 | H29: ='8-Sep'!M40 -> 0 | I29: ='8-Sep'!N40 -> 0 | J29: ='8-Sep'!O40 -> 32 | K29: ='8-Sep'!P40 -> 0 | L29: ='8-Sep'!Q40 -> 0 | M29: ='8-Sep'!R40 -> 0 | O29: =VLOOKUP($A29,'8-Sep'!$A$3:$Z$45,20,0) -> 0 | P29: =VLOOKUP($A29,'8-Sep'!$A$3:$Z$45,21,0) -> 0 | Q29: =VLOOKUP($A29,'8-Sep'!$A$3:$Z$45,22,0) -> 0 | R29: =VLOOKUP($A29,'8-Sep'!$A$3:$Z$45,23,0) -> 0 | S29: =VLOOKUP($A29,'8-Sep'!$A$3:$Z$45,24,0) -> 0 | T29: =VLOOKUP($A29,'8-Sep'!$A$3:$Z$45,25,0) -> 0 | U29: =VLOOKUP($A29,'8-Sep'!$A$3:$Z$45,26,0) -> 0 | W29: =SUM(O29:V29) -> 0

Sheet 8-Sep
F1: 45908 | M1: Vehicle Trip Plan | T1: Actual Dispatch | AE1: GAP
M2: T-1 | N2: T-2 | O2: T-3 | P2: T-4 | Q2: T-5 | R2: T-6 | T2: T-1 | U2: T-2 | V2: T-3 | W2: T-4 | X2: T-5 | Y2: T-6 | Z2: T-7 | AA2: T-8 | AB2: T=9 | AD2: Vehicle No. | AE2: T-1 | AF2: T-2 | AG2: T-3 | AH2: T-4 | AI2: T-5 | AJ2: T-6
A3: Customer Part No. | B3: Description | C3: Material Code | D3: Stocking Norm | E3: Customer's Todays Plan | F3: Stock at Customer End | G3: Stock on Wheel | H3: Dispatch Requirement | I3: Short against Requirement | J3: Total Plan | K3: Total Actual | L3: No Of Trolley | M3: 6 | N3: 6 | O3: 6 | P3: 6 | Q3: 6 | R3: 6 | S3: =SUM(M3:R3) -> 36 | T3: 6 | U3: 3 | V3: 5 | W3: 4 | X3: 5 | Y3: 5 | AC3: =SUM(T3:AB3) -> 28 | AE3: =T3-M3 -> 0 | AF3: =SUM(T3:U3)-SUM(M3:N3) -> -3 | AG3: =SUM(T3:V3)-SUM(M3:O3) -> -4 | AH3: =SUM(T3:Z3)-SUM(M3:P3) -> 4 | AI3: =SUM(T3:AA3)-SUM(M3:Q3) -> -2 | AJ3: =SUM(T3:AB3)-SUM(M3:R3) -> -8
L4: Vehicle No | AD4: Out Time
AD5: In time
L6: Time | M6: 0.25 | N6: 0.25 | O6: 0.375 | P6: 0.625 | Q6: 0.75 | AD6: Actual | AE6: 0.27083333 | AF6: 0.29166667 | AG6: 0.40625 | AH6: 0.46875 | AI6: 0.61458333
A7: 542468900289ZZ | B7: Cluster GB | C7: 753000360-200 | D7: 184 | E7: 26 | F7: 81 | H7: =MAX(((D7+E7)-F7),0) -> 129 | I7: =MAX(H7-(SUM(M7:R7)),0) -> 33 | J7: =SUM(M7:S7) -> 96 | K7: =SUM(T7:Z7) -> 0 | N7: 96 | AD7: =SUM(T7:AC7) -> 0 | AE7: =T7-M7 -> 0 | AF7: =SUM(T7:U7)-SUM(M7:N7) -> -96 | AG7: =SUM(T7:V7)-SUM(M7:O7) -> -96 | AH7: =SUM(T7:Z7)-SUM(M7:P7) -> -96 | AI7: =SUM(T7:AA7)-SUM(M7:Q7) -> -96 | AJ7: =SUM(T7:AB7)-SUM(M7:R7) -> -96
A8: 542468900289ZV | B8: Cluster ULS | C8: 753000360-324 | D8: 199 | E8: 374 | F8: 71 | H8: =MAX(((D8+E8)-F8),0) -> 502 | I8: =MAX(H8-(SUM(M8:R8)),0) -> 22 | J8: =SUM(M8:S8) -> 480 | K8: =SUM(T8:Z8) -> 0 | M8: 192 | O8: 96 | P8: 96 | Q8: 96 | AD8: =SUM(T8:AC8) -> 0 | AE8: =T8-M8 -> -192 | AF8: =SUM(T8:U8)-SUM(M8:N8) -> -192 | AG8: =SUM(T8:V8)-SUM(M8:O8) -> -288 | AH8: =SUM(T8:Z8)-SUM(M8:P8) -> -384 | AI8: =SUM(T8:AA8)-SUM(M8:Q8) -> -480 | AJ8: =SUM(T8:AB8)-SUM(M8:R8) -> -480
A9: 542468900289ZQ | B9: Cluster Titan Brown | C9: 753000360-011 | D9: 168 | E9: 20 | F9: 178 | H9: =MAX(((D9+E9)-F9),0) -> 10 | I9: =MAX(H9-(SUM(M9:R9)),0) -> 10 | J9: =SUM(M9:S9) -> 0 | K9: =SUM(T9:Z9) -> 0 | AD9: =SUM(T9:AC9) -> 0 | AE9: =T9-M9 -> 0 | AF9: =SUM(T9:U9)-SUM(M9:N9) -> 0 | AG9: =SUM(T9:V9)-SUM(M9:O9) -> 0 | AH9: =SUM(T9:Z9)-SUM(M9:P9) -> 0 | AI9: =SUM(T9:AA9)-SUM(M9:Q9) -> 0 | AJ9: =SUM(T9:AB9)-SUM(M9:R9) -> 0
A10: 542468910103CC | B10: Console LLG | C10: 753000370-009 | D10: 200 | E10: 4 | F10: 200 | H10: =MAX(((D10+E10)-F10),0) -> 4 | I10: =MAX(H10-(SUM(M10:R10)),0) -> 4 | J10: =SUM(M10:S10) -> 0 | K10: =SUM(T10:Z10) -> 0 | AD10: =SUM(T10:AC10) -> 0 | AE10: =T10-M10 -> 0 | AF10: =SUM(T10:U10)-SUM(M10:N10) -> 0 | AG10: =SUM(T10:V10)-SUM(M10:O10) -> 0 | AH10: =SUM(T10:Z10)-SUM(M10:P10) -> 0 | AI10: =SUM(T10:AA10)-SUM(M10:Q10) -> 0 | AJ10: =SUM(T10:AB10)-SUM(M10:R10) -> 0
A11: 542468910103D1 | B11: Console KLG | C11: 753000370-452 | D11: 260 | E11: 271 | F11: 130 | H11: =MAX(((D11+E11)-F11),0) -> 401 | I11: =MAX(H11-(SUM(M11:R11)),0) -> 11 | J11: =SUM(M11:S11) -> 390 | K11: =SUM(T11:Z11) -> 0 | M11: 130 | O11: 130 | P11: 130 | AD11: =SUM(T11:AC11) -> 0 | AE11: =T11-M11 -> -130 | AF11: =SUM(T11:U11)-SUM(M11:N11) -> -130 | AG11: =SUM(T11:V11)-SUM(M11:O11) -> -260 | AH11: =SUM(T11:Z11)-SUM(M11:P11) -> -390 | AI11: =SUM(T11:AA11)-SUM(M11:Q11) -> -390 | AJ11: =SUM(T11:AB11)-SUM(M11:R11) -> -390
A12: 542569500104D1 | B12: HMSL KLG | C12: 630131090-452 | D12: 140 | E12: 0 | F12: 200 | H12: =MAX(((D12+E12)-F12),0) -> 0 | I12: =MAX(H12-(SUM(M12:R12)),0) -> 0 | J12: =SUM(M12:S12) -> 0 | K12: =SUM(T12:Z12) -> 0 | AD12: =SUM(T12:AC12) -> 0 | AE12: =T12-M12 -> 0 | AF12: =SUM(T12:U12)-SUM(M12:N12) -> 0 | AG12: =SUM(T12:V12)-SUM(M12:O12) -> 0 | AH12: =SUM(T12:Z12)-SUM(M12:P12) -> 0 | AI12: =SUM(T12:AA12)-SUM(M12:Q12) -> 0 | AJ12: =SUM(T12:AB12)-SUM(M12:R12) -> 0
A13: 542569500104CC | B13: HMSL LLG | C13: 630131090 | D13: 140 | E13: 20 | F13: 140 | H13: =MAX(((D13+E13)-F13),0) -> 20 | I13: =MAX(H13-(SUM(M13:R13)),0) -> 20 | J13: =SUM(M13:S13) -> 0 | K13: =SUM(T13:Z13) -> 0 | AD13: =SUM(T13:AC13) -> 0 | AE13: =T13-M13 -> 0 | AF13: =SUM(T13:U13)-SUM(M13:N13) -> 0 | AG13: =SUM(T13:V13)-SUM(M13:O13) -> 0 | AH13: =SUM(T13:Z13)-SUM(M13:P13) -> 0 | AI13: =SUM(T13:AA13)-SUM(M13:Q13) -> 0 | AJ13: =SUM(T13:AB13)-SUM(M13:R13) -> 0
A14: 542469500102D1 | B14: 102D1 | C14: 586118320-083 | D14: 42 | E14: 66 | F14: 63 | H14: =MAX(((D14+E14)-F14),0) -> 45 | I14: =MAX(H14-(SUM(M14:R14)),0) -> 3 | J14: =SUM(M14:S14) -> 42 | K14: =SUM(T14:Z14) -> 0 | M14: 14 | O14: 14 | P14: 14 | AD14: =SUM(T14:AC14) -> 0 | AE14: =T14-M14 -> -14 | AF14: =SUM(T14:U14)-SUM(M14:N14) -> -14 | AG14: =SUM(T14:V14)-SUM(M14:O14) -> -28 | AH14: =SUM(T14:Z14)-SUM(M14:P14) -> -42 | AI14: =SUM(T14:AA14)-SUM(M14:Q14) -> -42 | AJ14: =SUM(T14:AB14)-SUM(M14:R14) -> -42
A15: 542469500118D1 | B15: 118D1 | C15: 586688560-083 | D15: 28 | E15: 6 | F15: 38 | H15: =MAX(((D15+E15)-F15),0) -> 0 | I15: =MAX(H15-(SUM(M15:R15)),0) -> 0 | J15: =SUM(M15:S15) -> 0 | K15: =SUM(T15:Z15) -> 0 | AD15: =SUM(T15:AC15) -> 0 | AE15: =T15-M15 -> 0 | AF15: =SUM(T15:U15)-SUM(M15:N15) -> 0 | AG15: =SUM(T15:V15)-SUM(M15:O15) -> 0 | AH15: =SUM(T15:Z15)-SUM(M15:P15) -> 0 | AI15: =SUM(T15:AA15)-SUM(M15:Q15) -> 0 | AJ15: =SUM(T15:AB15)-SUM(M15:R15) -> 0
A16: 542469500119D1 | B16: 119D1 | C16: 586688570-083 | D16: 84 | E16: 225 | F16: 45 | H16: =MAX(((D16+E16)-F16),0) -> 264 | I16: =MAX(H16-(SUM(M16:R16)),0) -> 10 | J16: =SUM(M16:S16) -> 254 | K16: =SUM(T16:Z16) -> 0 | M16: 44 | N16: 70 | O16: 42 | P16: 42 | Q16: 56 | AD16: =SUM(T16:AC16) -> 0 | AE16: =T16-M16 -> -44 | AF16: =SUM(T16:U16)-SUM(M16:N16) -> -114 | AG16: =SUM(T16:V16)-SUM(M16:O16) -> -156 | AH16: =SUM(T16:Z16)-SUM(M16:P16) -> -198 | AI16: =SUM(T16:AA16)-SUM(M16:Q16) -> -254 | AJ16: =SUM(T16:AB16)-SUM(M16:R16) -> -254
A17: 542469500120D1 | B17: 120D1 | C17: 586450180-083 | D17: 28 | E17: 43 | F17: 48 | H17: =MAX(((D17+E17)-F17),0) -> 23 | I17: =MAX(H17-(SUM(M17:R17)),0) -> 0 | J17: =SUM(M17:S17) -> 28 | K17: =SUM(T17:Z17) -> 0 | O17: 14 | Q17: 14 | AD17: =SUM(T17:AC17) -> 0 | AE17: =T17-M17 -> 0 | AF17: =SUM(T17:U17)-SUM(M17:N17) -> 0 | AG17: =SUM(T17:V17)-SUM(M17:O17) -> -14 | AH17: =SUM(T17:Z17)-SUM(M17:P17) -> -14 | AI17: =SUM(T17:AA17)-SUM(M17:Q17) -> -28 | AJ17: =SUM(T17:AB17)-SUM(M17:R17) -> -28
A18: 546769500115D1 | B18: 115D1 | C18: 586688580-083 | D18: 0 | E18: 0 | F18: 0 | H18: =MAX(((D18+E18)-F18),0) -> 0 | I18: =MAX(H18-(SUM(M18:R18)),0) -> 0 | J18: =SUM(M18:S18) -> 0 | K18: =SUM(T18:Z18) -> 0 | AD18: =SUM(T18:AC18) -> 0 | AE18: =T18-M18 -> 0 | AF18: =SUM(T18:U18)-SUM(M18:N18) -> 0 | AG18: =SUM(T18:V18)-SUM(M18:O18) -> 0 | AH18: =SUM(T18:Z18)-SUM(M18:P18) -> 0 | AI18: =SUM(T18:AA18)-SUM(M18:Q18) -> 0 | AJ18: =SUM(T18:AB18)-SUM(M18:R18) -> 0
A19: 546769500133D1 | B19: 133D1 | C19: 586688590-083 | D19: 28 | E19: 4 | F19: 25 | H19: =MAX(((D19+E19)-F19),0) -> 7 | I19: =MAX(H19-(SUM(M19:R19)),0) -> 7 | J19: =SUM(M19:S19) -> 0 | K19: =SUM(T19:Z19) -> 0 | AD19: =SUM(T19:AC19) -> 0 | AE19: =T19-M19 -> 0 | AF19: =SUM(T19:U19)-SUM(M19:N19) -> 0 | AG19: =SUM(T19:V19)-SUM(M19:O19) -> 0 | AH19: =SUM(T19:Z19)-SUM(M19:P19) -> 0 | AI19: =SUM(T19:AA19)-SUM(M19:Q19) -> 0 | AJ19: =SUM(T19:AB19)-SUM(M19:R19) -> 0
A20: 546769500134D1 | B20: 134D1 | C20: 586688600-083 | D20: 28 | E20: 46 | F20: 28 | H20: =MAX(((D20+E20)-F20),0) -> 46 | I20: =MAX(H20-(SUM(M20:R20)),0) -> 0 | J20: =SUM(M20:S20) -> 56 | K20: =SUM(T20:Z20) -> 0 | M20: 14 | N20: 14 | P20: 14 | Q20: 14 | AD20: =SUM(T20:AC20) -> 0 | AE20: =T20-M20 -> -14 | AF20: =SUM(T20:U20)-SUM(M20:N20) -> -28 | AG20: =SUM(T20:V20)-SUM(M20:O20) -> -28 | AH20: =SUM(T20:Z20)-SUM(M20:P20) -> -42 | AI20: =SUM(T20:AA20)-SUM(M20:Q20) -> -56 | AJ20: =SUM(T20:AB20)-SUM(M20:R20) -> -56
A21: 546769500135D1 | B21: 135D1 | C21: 586688610-083 | D21: 28 | E21: 20 | F21: 14 | H21: =MAX(((D21+E21)-F21),0) -> 34 | I21: =MAX(H21-(SUM(M21:R21)),0) -> 0 | J21: =SUM(M21:S21) -> 42 | K21: =SUM(T21:Z21) -> 0 | M21: 14 | O21: 14 | P21: 14 | AD21: =SUM(T21:AC21) -> 0 | AE21: =T21-M21 -> -14 | AF21: =SUM(T21:U21)-SUM(M21:N21) -> -14 | AG21: =SUM(T21:V21)-SUM(M21:O21) -> -28 | AH21: =SUM(T21:Z21)-SUM(M21:P21) -> -42 | AI21: =SUM(T21:AA21)-SUM(M21:Q21) -> -42 | AJ21: =SUM(T21:AB21)-SUM(M21:R21) -> -42
A22: 542474700122 | B22: TAIL GATE | C22: 631161170-220 | D22: 50 | E22: 0 | F22: 55 | H22: =MAX(((D22+E22)-F22),0) -> 0 | I22: =MAX(H22-(SUM(M22:R22)),0) -> 0 | J22: =SUM(M22:S22) -> 0 | K22: =SUM(T22:Z22) -> 0 | AD22: =SUM(T22:AC22) -> 0 | AE22: =T22-M22 -> 0 | AF22: =SUM(T22:U22)-SUM(M22:N22) -> 0 | AG22: =SUM(T22:V22)-SUM(M22:O22) -> 0 | AH22: =SUM(T22:Z22)-SUM(M22:P22) -> 0 | AI22: =SUM(T22:AA22)-SUM(M22:Q22) -> 0 | AJ22: =SUM(T22:AB22)-SUM(M22:R22) -> 0
A23: 542463700115 | B23: SIDE RH | C23: 631161221-220 | D23: 50 | E23: 0 | F23: 60 | H23: =MAX(((D23+E23)-F23),0) -> 0 | I23: =MAX(H23-(SUM(M23:R23)),0) -> 0 | J23: =SUM(M23:S23) -> 0 | K23: =SUM(T23:Z23) -> 0 | AD23: =SUM(T23:AC23) -> 0 | AE23: =T23-M23 -> 0 | AF23: =SUM(T23:U23)-SUM(M23:N23) -> 0 | AG23: =SUM(T23:V23)-SUM(M23:O23) -> 0 | AH23: =SUM(T23:Z23)-SUM(M23:P23) -> 0 | AI23: =SUM(T23:AA23)-SUM(M23:Q23) -> 0 | AJ23: =SUM(T23:AB23)-SUM(M23:R23) -> 0
A24: 542463700114 | B24: SIDE LH | C24: 631161222-220 | D24: 50 | E24: 0 | F24: 42 | H24: =MAX(((D24+E24)-F24),0) -> 8 | I24: =MAX(H24-(SUM(M24:R24)),0) -> 8 | J24: =SUM(M24:S24) -> 0 | K24: =SUM(T24:Z24) -> 0 | AD24: =SUM(T24:AC24) -> 0 | AE24: =T24-M24 -> 0 | AF24: =SUM(T24:U24)-SUM(M24:N24) -> 0 | AG24: =SUM(T24:V24)-SUM(M24:O24) -> 0 | AH24: =SUM(T24:Z24)-SUM(M24:P24) -> 0 | AI24: =SUM(T24:AA24)-SUM(M24:Q24) -> 0 | AJ24: =SUM(T24:AB24)-SUM(M24:R24) -> 0
A25: 542472700140 | B25: FR RUBRAIL RH | C25: 631161181-220 | D25: 50 | E25: 0 | F25: 60 | H25: =MAX(((D25+E25)-F25),0) -> 0 | I25: =MAX(H25-(SUM(M25:R25)),0) -> 0 | J25: =SUM(M25:S25) -> 0 | K25: =SUM(T25:Z25) -> 0 | AD25: =SUM(T25:AC25) -> 0 | AE25: =T25-M25 -> 0 | AF25: =SUM(T25:U25)-SUM(M25:N25) -> 0 | AG25: =SUM(T25:V25)-SUM(M25:O25) -> 0 | AH25: =SUM(T25:Z25)-SUM(M25:P25) -> 0 | AI25: =SUM(T25:AA25)-SUM(M25:Q25) -> 0 | AJ25: =SUM(T25:AB25)-SUM(M25:R25) -> 0
A26: 542472700139 | B26: FR RUBRAIL LH | C26: 631161182-220 | D26: 50 | E26: 0 | F26: 40 | H26: =MAX(((D26+E26)-F26),0) -> 10 | I26: =MAX(H26-(SUM(M26:R26)),0) -> 10 | J26: =SUM(M26:S26) -> 0 | K26: =SUM(T26:Z26) -> 0 | AD26: =SUM(T26:AC26) -> 0 | AE26: =T26-M26 -> 0 | AF26: =SUM(T26:U26)-SUM(M26:N26) -> 0 | AG26: =SUM(T26:V26)-SUM(M26:O26) -> 0 | AH26: =SUM(T26:Z26)-SUM(M26:P26) -> 0 | AI26: =SUM(T26:AA26)-SUM(M26:Q26) -> 0 | AJ26: =SUM(T26:AB26)-SUM(M26:R26) -> 0
A27: 542473700124 | B27: RR RUBRAIL RH | C27: 631161191-220 | D27: 50 | E27: 0 | F27: 35 | H27: =MAX(((D27+E27)-F27),0) -> 15 | I27: =MAX(H27-(SUM(M27:R27)),0) -> 15 | J27: =SUM(M27:S27) -> 0 | K27: =SUM(T27:Z27) -> 0 | AD27: =SUM(T27:AC27) -> 0 | AE27: =T27-M27 -> 0 | AF27: =SUM(T27:U27)-SUM(M27:N27) -> 0 | AG27: =SUM(T27:V27)-SUM(M27:O27) -> 0 | AH27: =SUM(T27:Z27)-SUM(M27:P27) -> 0 | AI27: =SUM(T27:AA27)-SUM(M27:Q27) -> 0 | AJ27: =SUM(T27:AB27)-SUM(M27:R27) -> 0
A28: 542473700123 | B28: RR RUBRAIL LH | C28: 631161192-220 | D28: 50 | E28: 0 | F28: 36 | H28: =MAX(((D28+E28)-F28),0) -> 14 | I28: =MAX(H28-(SUM(M28:R28)),0) -> 14 | J28: =SUM(M28:S28) -> 0 | K28: =SUM(T28:Z28) -> 0 | AD28: =SUM(T28:AC28) -> 0 | AE28: =T28-M28 -> 0 | AF28: =SUM(T28:U28)-SUM(M28:N28) -> 0 | AG28: =SUM(T28:V28)-SUM(M28:O28) -> 0 | AH28: =SUM(T28:Z28)-SUM(M28:P28) -> 0 | AI28: =SUM(T28:AA28)-SUM(M28:Q28) -> 0 | AJ28: =SUM(T28:AB28)-SUM(M28:R28) -> 0
A29: 542488100121 | B29: FR WHEEL ARCH RH | C29: 631161201-220 | D29: 50 | E29: 0 | F29: 250 | H29: =MAX(((D29+E29)-F29),0) -> 0 | I29: =MAX(H29-(SUM(M29:R29)),0) -> 0 | J29: =SUM(M29:S29) -> 0 | K29: =SUM(T29:Z29) -> 0 | AD29: =SUM(T29:AC29) -> 0 | AE29: =T29-M29 -> 0 | AF29: =SUM(T29:U29)-SUM(M29:N29) -> 0 | AG29: =SUM(T29:V29)-SUM(M29:O29) -> 0 | AH29: =SUM(T29:Z29)-SUM(M29:P29) -> 0 | AI29: =SUM(T29:AA29)-SUM(M29:Q29) -> 0 | AJ29: =SUM(T29:AB29)-SUM(M29:R29) -> 0
A30: 542488100120 | B30: FR WHEEL ARCH LH | C30: 631161202-220 | D30: 50 | E30: 0 | F30: 50 | H30: =MAX(((D30+E30)-F30),0) -> 0 | I30: =MAX(H30-(SUM(M30:R30)),0) -> 0 | J30: =SUM(M30:S30) -> 0 | K30: =SUM(T30:Z30) -> 0 | AD30: =SUM(T30:AC30) -> 0 | AE30: =T30-M30 -> 0 | AF30: =SUM(T30:U30)-SUM(M30:N30) -> 0 | AG30: =SUM(T30:V30)-SUM(M30:O30) -> 0 | AH30: =SUM(T30:Z30)-SUM(M30:P30) -> 0 | AI30: =SUM(T30:AA30)-SUM(M30:Q30) -> 0 | AJ30: =SUM(T30:AB30)-SUM(M30:R30) -> 0
A31: 542488100123 | B31: RR WHEEL ARCH RH | C31: 631161211-220 | D31: 50 | E31: 0 | F31: 70 | H31: =MAX(((D31+E31)-F31),0) -> 0 | I31: =MAX(H31-(SUM(M31:R31)),0) -> 0 | J31: =SUM(M31:S31) -> 0 | K31: =SUM(T31:Z31) -> 0 | AD31: =SUM(T31:AC31) -> 0 | AE31: =T31-M31 -> 0 | AF31: =SUM(T31:U31)-SUM(M31:N31) -> 0 | AG31: =SUM(T31:V31)-SUM(M31:O31) -> 0 | AH31: =SUM(T31:Z31)-SUM(M31:P31) -> 0 | AI31: =SUM(T31:AA31)-SUM(M31:Q31) -> 0 | AJ31: =SUM(T31:AB31)-SUM(M31:R31) -> 0
A32: 542488100122 | B32: RR WHEEL ARCH LH | C32: 631161212-220 | D32: 50 | E32: 0 | F32: 30 | H32: =MAX(((D32+E32)-F32),0) -> 20 | I32: =MAX(H32-(SUM(M32:R32)),0) -> 20 | J32: =SUM(M32:S32) -> 0 | K32: =SUM(T32:Z32) -> 0 | AD32: =SUM(T32:AC32) -> 0 | AE32: =T32-M32 -> 0 | AF32: =SUM(T32:U32)-SUM(M32:N32) -> 0 | AG32: =SUM(T32:V32)-SUM(M32:O32) -> 0 | AH32: =SUM(T32:Z32)-SUM(M32:P32) -> 0 | AI32: =SUM(T32:AA32)-SUM(M32:Q32) -> 0 | AJ32: =SUM(T32:AB32)-SUM(M32:R32) -> 0
A33: 542490600102 | B33: ROOF RAIL RH | C33: 631122171-010 | D33: 50 | E33: 0 | F33: 40 | H33: =MAX(((D33+E33)-F33),0) -> 10 | I33: =MAX(H33-(SUM(M33:R33)),0) -> 10 | J33: =SUM(M33:S33) -> 0 | K33: =SUM(T33:Z33) -> 0 | AD33: =SUM(T33:AC33) -> 0 | AE33: =T33-M33 -> 0 | AF33: =SUM(T33:U33)-SUM(M33:N33) -> 0 | AG33: =SUM(T33:V33)-SUM(M33:O33) -> 0 | AH33: =SUM(T33:Z33)-SUM(M33:P33) -> 0 | AI33: =SUM(T33:AA33)-SUM(M33:Q33) -> 0 | AJ33: =SUM(T33:AB33)-SUM(M33:R33) -> 0
A34: 542490600101 | B34: ROOF RAIL LH | C34: 631122172-010 | D34: 50 | E34: 0 | F34: 40 | H34: =MAX(((D34+E34)-F34),0) -> 10 | I34: =MAX(H34-(SUM(M34:R34)),0) -> 10 | J34: =SUM(M34:S34) -> 0 | K34: =SUM(T34:Z34) -> 0 | AD34: =SUM(T34:AC34) -> 0 | AE34: =T34-M34 -> 0 | AF34: =SUM(T34:U34)-SUM(M34:N34) -> 0 | AG34: =SUM(T34:V34)-SUM(M34:O34) -> 0 | AH34: =SUM(T34:Z34)-SUM(M34:P34) -> 0 | AI34: =SUM(T34:AA34)-SUM(M34:Q34) -> 0 | AJ34: =SUM(T34:AB34)-SUM(M34:R34) -> 0
M35: 0.25 | N35: 0.375 | O35: 0.45833333 | P35: 0.54166667 | Q35: 0.625 | AD35: Actual | AE35: 0.27083333
A36: 546469500102ZX | B36: 102ZX | C36: 587136190-083 | D36: 80 | E36: 147 | F36: 62 | H36: =MAX(((D36+E36)-F36),0) -> 165 | I36: =MAX(H36-(SUM(M36:R36)),0) -> 0 | J36: =SUM(M36:S36) -> 192 | K36: =SUM(T36:Z36) -> 0 | M36: 48 | N36: 32 | O36: 32 | P36: 48 | Q36: 32 | AD36: =SUM(T36:AC36) -> 0 | AE36: =T36-M36 -> -48 | AF36: =SUM(T36:U36)-SUM(M36:N36) -> -80 | AG36: =SUM(T36:V36)-SUM(M36:O36) -> -112 | AH36: =SUM(T36:Z36)-SUM(M36:P36) -> -160 | AI36: =SUM(T36:AA36)-SUM(M36:Q36) -> -192 | AJ36: =SUM(T36:AB36)-SUM(M36:R36) -> -192
A37: 546469500109ZY | B37: 109ZY | C37: 587136180-083 | D37: 32 | E37: 110 | F37: 46 | H37: =MAX(((D37+E37)-F37),0) -> 96 | I37: =MAX(H37-(SUM(M37:R37)),0) -> 16 | J37: =SUM(M37:S37) -> 80 | K37: =SUM(T37:Z37) -> 0 | M37: 48 | N37: 16 | Q37: 16 | AD37: =SUM(T37:AC37) -> 0 | AE37: =T37-M37 -> -48 | AF37: =SUM(T37:U37)-SUM(M37:N37) -> -64 | AG37: =SUM(T37:V37)-SUM(M37:O37) -> -64 | AH37: =SUM(T37:Z37)-SUM(M37:P37) -> -64 | AI37: =SUM(T37:AA37)-SUM(M37:Q37) -> -80 | AJ37: =SUM(T37:AB37)-SUM(M37:R37) -> -80
A38: 546469500114ZY | B38: 114ZY | C38: 587011990-083 | D38: 64 | E38: 47 | F38: 32 | H38: =MAX(((D38+E38)-F38),0) -> 79 | I38: =MAX(H38-(SUM(M38:R38)),0) -> 0 | J38: =SUM(M38:S38) -> 128 | K38: =SUM(T38:Z38) -> 0 | N38: 16 | O38: 32 | P38: 48 | Q38: 32 | AD38: =SUM(T38:AC38) -> 0 | AE38: =T38-M38 -> 0 | AF38: =SUM(T38:U38)-SUM(M38:N38) -> -16 | AG38: =SUM(T38:V38)-SUM(M38:O38) -> -48 | AH38: =SUM(T38:Z38)-SUM(M38:P38) -> -96 | AI38: =SUM(T38:AA38)-SUM(M38:Q38) -> -128 | AJ38: =SUM(T38:AB38)-SUM(M38:R38) -> -128
A39: 546469500114ZZ | B39: 114ZZ | C39: 587011990-220 | D39: 32 | E39: 37 | F39: 28 | H39: =MAX(((D39+E39)-F39),0) -> 41 | I39: =MAX(H39-(SUM(M39:R39)),0) -> 9 | J39: =SUM(M39:S39) -> 32 | K39: =SUM(T39:Z39) -> 0 | N39: 16 | Q39: 16 | AD39: =SUM(T39:AC39) -> 0 | AE39: =T39-M39 -> 0 | AF39: =SUM(T39:U39)-SUM(M39:N39) -> -16 | AG39: =SUM(T39:V39)-SUM(M39:O39) -> -16 | AH39: =SUM(T39:Z39)-SUM(M39:P39) -> -16 | AI39: =SUM(T39:AA39)-SUM(M39:Q39) -> -32 | AJ39: =SUM(T39:AB39)-SUM(M39:R39) -> -32
A40: 546469500102ZZ | B40: 102ZZ | C40: 587136190-220 | D40: 32 | E40: 23 | F40: 39 | H40: =MAX(((D40+E40)-F40),0) -> 16 | I40: =MAX(H40-(SUM(M40:R40)),0) -> 0 | J40: =SUM(M40:S40) -> 32 | K40: =SUM(T40:Z40) -> 0 | L40: - | O40: 32 | AD40: =SUM(T40:AC40) -> 0 | AE40: =T40-M40 -> 0 | AF40: =SUM(T40:U40)-SUM(M40:N40) -> 0 | AG40: =SUM(T40:V40)-SUM(M40:O40) -> -32 | AH40: =SUM(T40:Z40)-SUM(M40:P40) -> -32 | AI40: =SUM(T40:AA40)-SUM(M40:Q40) -> -32 | AJ40: =SUM(T40:AB40)-SUM(M40:R40) -> -32
A45: 27
A46: 32
A47: 16
A48: 12
A49: 21

Sheet 18-Sep
C1: ='18092025'!F1 -> 45918 | H1: Vehicle Trip Plan | O1: Actual Dispatch
H2: T-1 | I2: T-2 | J2: T-3 | K2: T-4 | L2: T-5 | M2: T-6 | N2: T-7 | O2: T-1 | P2: T-2 | Q2: T-3 | R2: T-4 | S2: T-5 | T2: T-6 | U2: T-7 | V2: T-8
A3: Customer Part No. | B3: Description | C3: Material Code | D3: Customer's Todays Plan | E3: Vehicle No | F3: Total Plan | G3: Total Actual | H3: ='8-Sep'!M4 -> 0 | I3: ='8-Sep'!N4 -> 0 | J3: ='8-Sep'!O4 -> 0 | K3: ='8-Sep'!P4 -> 0 | L3: ='8-Sep'!Q4 -> 0 | M3: ='8-Sep'!R4 -> 0 | N3: ='8-Sep'!S4 -> 0 | O3: ='8-Sep'!T4 -> 0 | ... U3: ='8-Sep'!Z4 -> 0
E4: Intime
E5: Out Time
E6: CE open STK | H6: 0.27083333 | I6: 0.45833333 | J6: 0.54166667 | K6: 0.66666667 | L6: 0.79166667 | O6: ='8-Sep'!T6 -> 0 | P6: ='8-Sep'!U6 -> 0 | Q6: ='8-Sep'!V6 -> 0 | R6: ='8-Sep'!W6 -> 0 | S6: ='8-Sep'!X6 -> 0 | T6: ='8-Sep'!Y6 -> 0 | U6: ='8-Sep'!Z6 -> 0
A7: 542468900289ZZ | B7: Cluster GB | C7: 753000360-200 | D7: 11 | E7: 100 | F7: =SUM(H7:N7) -> 96 | G7: =SUM(O7:U7) -> 0 | I7: 96 | N7: ='8-Sep'!S7 -> 0 | O7: =VLOOKUP($A7,'8-Sep'!$A$3:$Z$45,20,0) -> 0 | P7: =VLOOKUP($A7,'8-Sep'!$A$3:$Z$45,21,0) -> 0 | Q7: =VLOOKUP($A7,'8-Sep'!$A$3:$Z$45,22,0) -> 0 | R7: =VLOOKUP($A7,'8-Sep'!$A$3:$Z$45,23,0) -> 0 | S7: =VLOOKUP($A7,'8-Sep'!$A$3:$Z$45,24,0) -> 0 | T7: =VLOOKUP($A7,'8-Sep'!$A$3:$Z$45,25,0) -> 0 | U7: =VLOOKUP($A7,'8-Sep'!$A$3:$Z$45,26,0) -> 0
A8: 542468900289ZV | B8: Cluster ULS | C8: 753000360-324 | D8: 352 | E8: 284 | F8: =SUM(H8:N8) -> 384 | G8: =SUM(O8:U8) -> 0 | I8: 96 | J8: 96 | K8: 96 | L8: 96 | N8: ='8-Sep'!S8 -> 0 | O8: =VLOOKUP($A8,'8-Sep'!$A$3:$Z$45,20,0) -> 0 | P8: =VLOOKUP($A8,'8-Sep'!$A$3:$Z$45,21,0) -> 0 | Q8: =VLOOKUP($A8,'8-Sep'!$A$3:$Z$45,22,0) -> 0 | R8: =VLOOKUP($A8,'8-Sep'!$A$3:$Z$45,23,0) -> 0 | S8: =VLOOKUP($A8,'8-Sep'!$A$3:$Z$45,24,0) -> 0 | T8: =VLOOKUP($A8,'8-Sep'!$A$3:$Z$45,25,0) -> 0 | U8: =VLOOKUP($A8,'8-Sep'!$A$3:$Z$45,26,0) -> 0
A9: 542468900289ZQ | B9: Cluster Titan Brown | C9: 753000360-011 | D9: 37 | E9: 147 | F9: =SUM(H9:N9) -> 0 | G9: =SUM(O9:U9) -> 0 | N9: ='8-Sep'!S9 -> 0 | O9: =VLOOKUP($A9,'8-Sep'!$A$3:$Z$45,20,0) -> 0 | P9: =VLOOKUP($A9,'8-Sep'!$A$3:$Z$45,21,0) -> 0 | Q9: =VLOOKUP($A9,'8-Sep'!$A$3:$Z$45,22,0) -> 0 | R9: =VLOOKUP($A9,'8-Sep'!$A$3:$Z$45,23,0) -> 0 | S9: =VLOOKUP($A9,'8-Sep'!$A$3:$Z$45,24,0) -> 0 | T9: =VLOOKUP($A9,'8-Sep'!$A$3:$Z$45,25,0) -> 0 | U9: =VLOOKUP($A9,'8-Sep'!$A$3:$Z$45,26,0) -> 0
A10: 542468910103CC | B10: Console LLG | C10: 753000370-009 | D10: 26 | E10: 140 | F10: =SUM(H10:N10) -> 0 | G10: =SUM(O10:U10) -> 0 | N10: ='8-Sep'!S10 -> 0 | O10: =VLOOKUP($A10,'8-Sep'!$A$3:$Z$45,20,0) -> 0 | P10: =VLOOKUP($A10,'8-Sep'!$A$3:$Z$45,21,0) -> 0 | Q10: =VLOOKUP($A10,'8-Sep'!$A$3:$Z$45,22,0) -> 0 | R10: =VLOOKUP($A10,'8-Sep'!$A$3:$Z$45,23,0) -> 0 | S10: =VLOOKUP($A10,'8-Sep'!$A$3:$Z$45,24,0) -> 0 | T10: =VLOOKUP($A10,'8-Sep'!$A$3:$Z$45,25,0) -> 0 | U10: =VLOOKUP($A10,'8-Sep'!$A$3:$Z$45,26,0) -> 0
A11: 542468910103D1 | B11: Console KLG | C11: 753000370-452 | D11: 217 | E11: 559 | F11: =SUM(H11:N11) -> 0 | G11: =SUM(O11:U11) -> 0 | N11: ='8-Sep'!S11 -> 0 | O11: =VLOOKUP($A11,'8-Sep'!$A$3:$Z$45,20,0) -> 0 | P11: =VLOOKUP($A11,'8-Sep'!$A$3:$Z$45,21,0) -> 0 | Q11: =VLOOKUP($A11,'8-Sep'!$A$3:$Z$45,22,0) -> 0 | R11: =VLOOKUP($A11,'8-Sep'!$A$3:$Z$45,23,0) -> 0 | S11: =VLOOKUP($A11,'8-Sep'!$A$3:$Z$45,24,0) -> 0 | T11: =VLOOKUP($A11,'8-Sep'!$A$3:$Z$45,25,0) -> 0 | U11: =VLOOKUP($A11,'8-Sep'!$A$3:$Z$45,26,0) -> 0
A12: 542569500104D1 | B12: HMSL KLG | C12: 630131090-452 | D12: 0 | E12: 300 | F12: =SUM(H12:N12) -> 0 | G12: =SUM(O12:U12) -> 0 | N12: ='8-Sep'!S12 -> 0 | O12: =VLOOKUP($A12,'8-Sep'!$A$3:$Z$45,20,0) -> 0 | P12: =VLOOKUP($A12,'8-Sep'!$A$3:$Z$45,21,0) -> 0 | Q12: =VLOOKUP($A12,'8-Sep'!$A$3:$Z$45,22,0) -> 0 | R12: =VLOOKUP($A12,'8-Sep'!$A$3:$Z$45,23,0) -> 0 | S12: =VLOOKUP($A12,'8-Sep'!$A$3:$Z$45,24,0) -> 0 | T12: =VLOOKUP($A12,'8-Sep'!$A$3:$Z$45,25,0) -> 0 | U12: =VLOOKUP($A12,'8-Sep'!$A$3:$Z$45,26,0) -> 0
A13: 542569500104CC | B13: HMSL LLG | C13: 630131090 | D13: 37 | E13: 140 | F13: =SUM(H13:N13) -> 140 | G13: =SUM(O13:U13) -> 0 | L13: 140 | N13: ='8-Sep'!S13 -> 0 | O13: =VLOOKUP($A13,'8-Sep'!$A$3:$Z$45,20,0) -> 0 | P13: =VLOOKUP($A13,'8-Sep'!$A$3:$Z$45,21,0) -> 0 | Q13: =VLOOKUP($A13,'8-Sep'!$A$3:$Z$45,22,0) -> 0 | R13: =VLOOKUP($A13,'8-Sep'!$A$3:$Z$45,23,0) -> 0 | S13: =VLOOKUP($A13,'8-Sep'!$A$3:$Z$45,24,0) -> 0 | T13: =VLOOKUP($A13,'8-Sep'!$A$3:$Z$45,25,0) -> 0 | U13: =VLOOKUP($A13,'8-Sep'!$A$3:$Z$45,26,0) -> 0
A14: 542469500102D1 | B14: 102D1 | C14: 586118320-083 | D14: 38 | E14: 24 | F14: =SUM(H14:N14) -> 42 | G14: =SUM(O14:U14) -> 0 | H14: 14 | I14: 14 | K14: 14 | N14: ='8-Sep'!S14 -> 0 | O14: =VLOOKUP($A14,'8-Sep'!$A$3:$Z$45,20,0) -> 0 | P14: =VLOOKUP($A14,'8-Sep'!$A$3:$Z$45,21,0) -> 0 | Q14: =VLOOKUP($A14,'8-Sep'!$A$3:$Z$45,22,0) -> 0 | R14: =VLOOKUP($A14,'8-Sep'!$A$3:$Z$45,23,0) -> 0 | S14: =VLOOKUP($A14,'8-Sep'!$A$3:$Z$45,24,0) -> 0 | T14: =VLOOKUP($A14,'8-Sep'!$A$3:$Z$45,25,0) -> 0 | U14: =VLOOKUP($A14,'8-Sep'!$A$3:$Z$45,26,0) -> 0
A15: 542469500118D1 | B15: 118D1 | C15: 586688560-083 | D15: 0 | E15: 22 | F15: =SUM(H15:N15) -> 0 | G15: =SUM(O15:U15) -> 0 | N15: ='8-Sep'!S15 -> 0 | O15: =VLOOKUP($A15,'8-Sep'!$A$3:$Z$45,20,0) -> 0 | P15: =VLOOKUP($A15,'8-Sep'!$A$3:$Z$45,21,0) -> 0 | Q15: =VLOOKUP($A15,'8-Sep'!$A$3:$Z$45,22,0) -> 0 | R15: =VLOOKUP($A15,'8-Sep'!$A$3:$Z$45,23,0) -> 0 | S15: =VLOOKUP($A15,'8-Sep'!$A$3:$Z$45,24,0) -> 0 | T15: =VLOOKUP($A15,'8-Sep'!$A$3:$Z$45,25,0) -> 0 | U15: =VLOOKUP($A15,'8-Sep'!$A$3:$Z$45,26,0) -> 0
A16: 542469500119D1 | B16: 119D1 | C16: 586688570-083 | D16: 218 | E16: 69 | F16: =SUM(H16:N16) -> 224 | G16: =SUM(O16:U16) -> 0 | H16: 28 | I16: 56 | J16: 56 | K16: 28 | L16: 56 | N16: ='8-Sep'!S16 -> 0 | O16: =VLOOKUP($A16,'8-Sep'!$A$3:$Z$45,20,0) -> 0 | P16: =VLOOKUP($A16,'8-Sep'!$A$3:$Z$45,21,0) -> 0 | Q16: =VLOOKUP($A16,'8-Sep'!$A$3:$Z$45,22,0) -> 0 | R16: =VLOOKUP($A16,'8-Sep'!$A$3:$Z$45,23,0) -> 0 | S16: =VLOOKUP($A16,'8-Sep'!$A$3:$Z$45,24,0) -> 0 | T16: =VLOOKUP($A16,'8-Sep'!$A$3:$Z$45,25,0) -> 0 | U16: =VLOOKUP($A16,'8-Sep'!$A$3:$Z$45,26,0) -> 0
A17: 542469500120D1 | B17: 120D1 | C17: 586450180-083 | D17: 37 | E17: 20 | F17: =SUM(H17:N17) -> 56 | G17: =SUM(O17:U17) -> 0 | H17: 14 | I17: 14 | K17: 14 | L17: 14 | N17: ='8-Sep'!S17 -> 0 | O17: =VLOOKUP($A17,'8-Sep'!$A$3:$Z$45,20,0) -> 0 | P17: =VLOOKUP($A17,'8-Sep'!$A$3:$Z$45,21,0) -> 0 | Q17: =VLOOKUP($A17,'8-Sep'!$A$3:$Z$45,22,0) -> 0 | R17: =VLOOKUP($A17,'8-Sep'!$A$3:$Z$45,23,0) -> 0 | S17: =VLOOKUP($A17,'8-Sep'!$A$3:$Z$45,24,0) -> 0 | T17: =VLOOKUP($A17,'8-Sep'!$A$3:$Z$45,25,0) -> 0 | U17: =VLOOKUP($A17,'8-Sep'!$A$3:$Z$45,26,0) -> 0
A18: 546769500115D1 | B18: 115D1 | C18: 586688580-083 | D18: 0 | E18: 0 | F18: =SUM(H18:N18) -> 0 | G18: =SUM(O18:U18) -> 0 | N18: ='8-Sep'!S18 -> 0 | O18: =VLOOKUP($A18,'8-Sep'!$A$3:$Z$45,20,0) -> 0 | P18: =VLOOKUP($A18,'8-Sep'!$A$3:$Z$45,21,0) -> 0 | Q18: =VLOOKUP($A18,'8-Sep'!$A$3:$Z$45,22,0) -> 0 | R18: =VLOOKUP($A18,'8-Sep'!$A$3:$Z$45,23,0) -> 0 | S18: =VLOOKUP($A18,'8-Sep'!$A$3:$Z$45,24,0) -> 0 | T18: =VLOOKUP($A18,'8-Sep'!$A$3:$Z$45,25,0) -> 0 | U18: =VLOOKUP($A18,'8-Sep'!$A$3:$Z$45,26,0) -> 0
A19: 546769500133D1 | B19: 133D1 | C19: 586688590-083 | D19: 0 | E19: 26 | F19: =SUM(H19:N19) -> 0 | G19: =SUM(O19:U19) -> 0 | N19: ='8-Sep'!S19 -> 0 | O19: =VLOOKUP($A19,'8-Sep'!$A$3:$Z$45,20,0) -> 0 | P19: =VLOOKUP($A19,'8-Sep'!$A$3:$Z$45,21,0) -> 0 | Q19: =VLOOKUP($A19,'8-Sep'!$A$3:$Z$45,22,0) -> 0 | R19: =VLOOKUP($A19,'8-Sep'!$A$3:$Z$45,23,0) -> 0 | S19: =VLOOKUP($A19,'8-Sep'!$A$3:$Z$45,24,0) -> 0 | T19: =VLOOKUP($A19,'8-Sep'!$A$3:$Z$45,25,0) -> 0 | U19: =VLOOKUP($A19,'8-Sep'!$A$3:$Z$45,26,0) -> 0
A20: 546769500134D1 | B20: 134D1 | C20: 586688600-083 | D20: 43 | E20: 40 | F20: =SUM(H20:N20) -> 56 | G20: =SUM(O20:U20) -> 0 | H20: 14 | J20: 14 | K20: 14 | L20: 14 | N20: ='8-Sep'!S20 -> 0 | O20: =VLOOKUP($A20,'8-Sep'!$A$3:$Z$45,20,0) -> 0 | P20: =VLOOKUP($A20,'8-Sep'!$A$3:$Z$45,21,0) -> 0 | Q20: =VLOOKUP($A20,'8-Sep'!$A$3:$Z$45,22,0) -> 0 | R20: =VLOOKUP($A20,'8-Sep'!$A$3:$Z$45,23,0) -> 0 | S20: =VLOOKUP($A20,'8-Sep'!$A$3:$Z$45,24,0) -> 0 | T20: =VLOOKUP($A20,'8-Sep'!$A$3:$Z$45,25,0) -> 0 | U20: =VLOOKUP($A20,'8-Sep'!$A$3:$Z$45,26,0) -> 0
A21: 546769500135D1 | B21: 135D1 | C21: 586688610-083 | D21: 27 | E21: 28 | F21: =SUM(H21:N21) -> 28 | G21: =SUM(O21:U21) -> 0 | J21: 14 | K21: 14 | N21: ='8-Sep'!S21 -> 0 | O21: =VLOOKUP($A21,'8-Sep'!$A$3:$Z$45,20,0) -> 0 | P21: =VLOOKUP($A21,'8-Sep'!$A$3:$Z$45,21,0) -> 0 | Q21: =VLOOKUP($A21,'8-Sep'!$A$3:$Z$45,22,0) -> 0 | R21: =VLOOKUP($A21,'8-Sep'!$A$3:$Z$45,23,0) -> 0 | S21: =VLOOKUP($A21,'8-Sep'!$A$3:$Z$45,24,0) -> 0 | T21: =VLOOKUP($A21,'8-Sep'!$A$3:$Z$45,25,0) -> 0 | U21: =VLOOKUP($A21,'8-Sep'!$A$3:$Z$45,26,0) -> 0
A22: Customer Part No. | B22: Description | C22: Material Code | D22: Customer's Todays Plan | E22: CE open STK | F22: Total Plan | G22: Total Actual | H22: Vehicle Trip Plan | O22: Actual Dispatch
H23: T-1 | I23: T-2 | J23: T-3 | K23: T-4 | L23: T-5 | M23: T-6 | N23: T-7 | O23: T-1 | P23: T-2 | Q23: T-3 | R23: T-4 | S23: T-5 | T23: T-6 | U23: T-7
H24: 0.33333333 | I24: 0.41666667 | J24: 0.5 | K24: 0.58333333 | L24: 0.66666667
A25: 546469500102ZX | B25: 102ZX | C25: 587136190-083 | D25: 140 | E25: 76 | F25: =SUM(H25:N25) -> 204 | H25: 28 | I25: 32 | J25: 48 | K25: 48 | L25: 48 | M25: ='8-Sep'!R36 -> 0 | N25: ='8-Sep'!S36 -> 0 | O25: =VLOOKUP($A25,'8-Sep'!$A$3:$Z$45,20,0) -> 0 | P25: =VLOOKUP($A25,'8-Sep'!$A$3:$Z$45,21,0) -> 0 | Q25: =VLOOKUP($A25,'8-Sep'!$A$3:$Z$45,22,0) -> 0 | R25: =VLOOKUP($A25,'8-Sep'!$A$3:$Z$45,23,0) -> 0 | S25: =VLOOKUP($A25,'8-Sep'!$A$3:$Z$45,24,0) -> 0 | T25: =VLOOKUP($A25,'8-Sep'!$A$3:$Z$45,25,0) -> 0 | U25: =VLOOKUP($A25,'8-Sep'!$A$3:$Z$45,26,0) -> 0 | W25: =SUM(O25:V25) -> 0
A26: 546469500109ZY | B26: 109ZY | C26: 587136180-083 | D26: 16 | E26: 40 | F26: =SUM(H26:N26) -> 0 | G26: =SUM(O26:U26) -> 0 | M26: ='8-Sep'!R37 -> 0 | O26: =VLOOKUP($A26,'8-Sep'!$A$3:$Z$45,20,0) -> 0 | P26: =VLOOKUP($A26,'8-Sep'!$A$3:$Z$45,21,0) -> 0 | Q26: =VLOOKUP($A26,'8-Sep'!$A$3:$Z$45,22,0) -> 0 | R26: =VLOOKUP($A26,'8-Sep'!$A$3:$Z$45,23,0) -> 0 | S26: =VLOOKUP($A26,'8-Sep'!$A$3:$Z$45,24,0) -> 0 | T26: =VLOOKUP($A26,'8-Sep'!$A$3:$Z$45,25,0) -> 0 | U26: =VLOOKUP($A26,'8-Sep'!$A$3:$Z$45,26,0) -> 0 | W26: =SUM(O26:V26) -> 0
A27: 546469500114ZY | B27: 114ZY | C27: 587011990-083 | D27: 140 | E27: 140 | F27: =SUM(H27:N27) -> 172 | G27: =SUM(O27:U27) -> 0 | H27: 12 | I27: 32 | J27: 32 | K27: 48 | L27: 48 | M27: ='8-Sep'!R38 -> 0 | O27: =VLOOKUP($A27,'8-Sep'!$A$3:$Z$45,20,0) -> 0 | P27: =VLOOKUP($A27,'8-Sep'!$A$3:$Z$45,21,0) -> 0 | Q27: =VLOOKUP($A27,'8-Sep'!$A$3:$Z$45,22,0) -> 0 | R27: =VLOOKUP($A27,'8-Sep'!$A$3:$Z$45,23,0) -> 0 | S27: =VLOOKUP($A27,'8-Sep'!$A$3:$Z$45,24,0) -> 0 | T27: =VLOOKUP($A27,'8-Sep'!$A$3:$Z$45,25,0) -> 0 | U27: =VLOOKUP($A27,'8-Sep'!$A$3:$Z$45,26,0) -> 0 | W27: =SUM(O27:V27) -> 0
A28: 546469500114ZZ | B28: 114ZZ | C28: 587011990-220 | D28: 30 | E28: 40 | F28: =SUM(H28:N28) -> 16 | G28: =SUM(O28:U28) -> 0 | H28: 16 | M28: ='8-Sep'!R39 -> 0 | O28: =VLOOKUP($A28,'8-Sep'!$A$3:$Z$45,20,0) -> 0 | P28: =VLOOKUP($A28,'8-Sep'!$A$3:$Z$45,21,0) -> 0 | Q28: =VLOOKUP($A28,'8-Sep'!$A$3:$Z$45,22,0) -> 0 | R28: =VLOOKUP($A28,'8-Sep'!$A$3:$Z$45,23,0) -> 0 | S28: =VLOOKUP($A28,'8-Sep'!$A$3:$Z$45,24,0) -> 0 | T28: =VLOOKUP($A28,'8-Sep'!$A$3:$Z$45,25,0) -> 0 | U28: =VLOOKUP($A28,'8-Sep'!$A$3:$Z$45,26,0) -> 0 | W28: =SUM(O28:V28) -> 0
A29: 546469500102ZZ | B29: 102ZZ | C29: 587136190-220 | D29: 11 | E29: 32 | F29: =SUM(H29:N29) -> 32 | G29: =SUM(O29:U29) -> 0 | I29: 16 | J29: 16 | M29: ='8-Sep'!R39 -> 0 | O29: =VLOOKUP($A29,'8-Sep'!$A$3:$Z$45,20,0) -> 0 | P29: =VLOOKUP($A29,'8-Sep'!$A$3:$Z$45,21,0) -> 0 | Q29: =VLOOKUP($A29,'8-Sep'!$A$3:$Z$45,22,0) -> 0 | R29: =VLOOKUP($A29,'8-Sep'!$A$3:$Z$45,23,0) -> 0 | S29: =VLOOKUP($A29,'8-Sep'!$A$3:$Z$45,24,0) -> 0 | T29: =VLOOKUP($A29,'8-Sep'!$A$3:$Z$45,25,0) -> 0 | U29: =VLOOKUP($A29,'8-Sep'!$A$3:$Z$45,26,0) -> 0 | W29: =SUM(O29:V29) -> 0
A30: 546469500120ZY | B30: 120ZY | C30: 587136190-220 | D30: 4 | E30: 0 | F30: =SUM(H30:N30) -> 16 | I30: 16 | M30: ='8-Sep'!R40 -> 0

Sheet 18092025
F1: 45918 | M1: Vehicle Trip Plan | T1: Actual Dispatch | AE1: GAP
M2: T-1 | N2: T-2 | O2: T-3 | P2: T-4 | Q2: T-5 | R2: T-6 | T2: T-1 | U2: T-2 | V2: T-3 | W2: T-4 | X2: T-5 | Y2: T-6 | Z2: T-7 | AA2: T-8 | AB2: T=9 | AD2: Vehicle No. | AE2: T-1 | AF2: T-2 | AG2: T-3 | AH2: T-4 | AI2: T-5 | AJ2: T-6
A3: Customer Part No. | B3: Description | C3: Material Code | D3: Stocking Norm | E3: Customer's Todays Plan | F3: Stock at Customer End | G3: Stock on Wheel | H3: Dispatch Requirement | I3: Short against Requirement | J3: Total Plan | K3: Total Actual | L3: No Of Trolley | M3: 6 | N3: 6 | O3: 6 | P3: 6 | Q3: 6 | R3: 6 | S3: =SUM(M3:R3) -> 36 | T3: 6 | U3: 3 | V3: 5 | W3: 4 | X3: 5 | Y3: 5 | AC3: =SUM(T3:AB3) -> 28 | AE3: =T3-M3 -> 0 | AF3: =SUM(T3:U3)-SUM(M3:N3) -> -3 | AG3: =SUM(T3:V3)-SUM(M3:O3) -> -4 | AH3: =SUM(T3:Z3)-SUM(M3:P3) -> 4 | AI3: =SUM(T3:AA3)-SUM(M3:Q3) -> -2 | AJ3: =SUM(T3:AB3)-SUM(M3:R3) -> -8
L4: Vehicle No | AD4: Out Time
AD5: In time
L6: Time | M6: 0.27083333 | N6: 0.45833333 | O6: 0.54166667 | P6: 0.66666667 | Q6: 0.79166667 | R6: 0.875 | AD6: Actual | AE6: 0.27083333 | AF6: 0.29166667 | AG6: 0.40625 | AH6: 0.46875 | AI6: 0.61458333
A7: 542468900289ZZ | B7: Cluster GB | C7: 753000360-200 | D7: 184 | E7: 11 | F7: 100 | H7: =MAX(((D7+E7)-F7),0) -> 95 | I7: =MAX(H7-(SUM(M7:R7)),0) -> 0 | J7: =SUM(M7:S7) -> 96 | K7: =SUM(T7:Z7) -> 0 | N7: 96 | AD7: =SUM(T7:AC7) -> 0 | AE7: =T7-M7 -> 0 | AF7: =SUM(T7:U7)-SUM(M7:N7) -> -96 | AG7: =SUM(T7:V7)-SUM(M7:O7) -> -96 | AH7: =SUM(T7:Z7)-SUM(M7:P7) -> -96 | AI7: =SUM(T7:AA7)-SUM(M7:Q7) -> -96 | AJ7: =SUM(T7:AB7)-SUM(M7:R7) -> -96
A8: 542468900289ZV | B8: Cluster ULS | C8: 753000360-324 | D8: 199 | E8: 352 | F8: 284 | H8: =MAX(((D8+E8)-F8),0) -> 267 | I8: =MAX(H8-(SUM(M8:R8)),0) -> 0 | J8: =SUM(M8:S8) -> 384 | K8: =SUM(T8:Z8) -> 0 | N8: 96 | O8: 96 | P8: 96 | Q8: 96 | AD8: =SUM(T8:AC8) -> 0 | AE8: =T8-M8 -> 0 | AF8: =SUM(T8:U8)-SUM(M8:N8) -> -96 | AG8: =SUM(T8:V8)-SUM(M8:O8) -> -192 | AH8: =SUM(T8:Z8)-SUM(M8:P8) -> -288 | AI8: =SUM(T8:AA8)-SUM(M8:Q8) -> -384 | AJ8: =SUM(T8:AB8)-SUM(M8:R8) -> -384
A9: 542468900289ZQ | B9: Cluster Titan Brown | C9: 753000360-011 | D9: 120 | E9: 37 | F9: 147 | H9: =MAX(((D9+E9)-F9),0) -> 10 | I9: =MAX(H9-(SUM(M9:R9)),0) -> 10 | J9: =SUM(M9:S9) -> 0 | K9: =SUM(T9:Z9) -> 0 | AD9: =SUM(T9:AC9) -> 0 | AE9: =T9-M9 -> 0 | AF9: =SUM(T9:U9)-SUM(M9:N9) -> 0 | AG9: =SUM(T9:V9)-SUM(M9:O9) -> 0 | AH9: =SUM(T9:Z9)-SUM(M9:P9) -> 0 | AI9: =SUM(T9:AA9)-SUM(M9:Q9) -> 0 | AJ9: =SUM(T9:AB9)-SUM(M9:R9) -> 0
A10: 542468910103CC | B10: Console LLG | C10: 753000370-009 | D10: 130 | E10: 26 | F10: 140 | H10: =MAX(((D10+E10)-F10),0) -> 16 | I10: =MAX(H10-(SUM(M10:R10)),0) -> 16 | J10: =SUM(M10:S10) -> 0 | K10: =SUM(T10:Z10) -> 0 | AD10: =SUM(T10:AC10) -> 0 | AE10: =T10-M10 -> 0 | AF10: =SUM(T10:U10)-SUM(M10:N10) -> 0 | AG10: =SUM(T10:V10)-SUM(M10:O10) -> 0 | AH10: =SUM(T10:Z10)-SUM(M10:P10) -> 0 | AI10: =SUM(T10:AA10)-SUM(M10:Q10) -> 0 | AJ10: =SUM(T10:AB10)-SUM(M10:R10) -> 0
A11: 542468910103D1 | B11: Console KLG | C11: 753000370-452 | D11: 260 | E11: 217 | F11: 559 | H11: =MAX(((D11+E11)-F11),0) -> 0 | I11: =MAX(H11-(SUM(M11:R11)),0) -> 0 | J11: =SUM(M11:S11) -> 0 | K11: =SUM(T11:Z11) -> 0 | AD11: =SUM(T11:AC11) -> 0 | AE11: =T11-M11 -> 0 | AF11: =SUM(T11:U11)-SUM(M11:N11) -> 0 | AG11: =SUM(T11:V11)-SUM(M11:O11) -> 0 | AH11: =SUM(T11:Z11)-SUM(M11:P11) -> 0 | AI11: =SUM(T11:AA11)-SUM(M11:Q11) -> 0 | AJ11: =SUM(T11:AB11)-SUM(M11:R11) -> 0
A12: 542569500104D1 | B12: HMSL KLG | C12: 630131090-452 | D12: 140 | E12: 0 | F12: 300 | H12: =MAX(((D12+E12)-F12),0) -> 0 | I12: =MAX(H12-(SUM(M12:R12)),0) -> 0 | J12: =SUM(M12:S12) -> 0 | K12: =SUM(T12:Z12) -> 0 | AD12: =SUM(T12:AC12) -> 0 | AE12: =T12-M12 -> 0 | AF12: =SUM(T12:U12)-SUM(M12:N12) -> 0 | AG12: =SUM(T12:V12)-SUM(M12:O12) -> 0 | AH12: =SUM(T12:Z12)-SUM(M12:P12) -> 0 | AI12: =SUM(T12:AA12)-SUM(M12:Q12) -> 0 | AJ12: =SUM(T12:AB12)-SUM(M12:R12) -> 0
A13: 542569500104CC | B13: HMSL LLG | C13: 630131090 | D13: 140 | E13: 37 | F13: 140 | H13: =MAX(((D13+E13)-F13),0) -> 37 | I13: =MAX(H13-(SUM(M13:R13)),0) -> 0 | J13: =SUM(M13:S13) -> 140 | K13: =SUM(T13:Z13) -> 0 | Q13: 140 | AD13: =SUM(T13:AC13) -> 0 | AE13: =T13-M13 -> 0 | AF13: =SUM(T13:U13)-SUM(M13:N13) -> 0 | AG13: =SUM(T13:V13)-SUM(M13:O13) -> 0 | AH13: =SUM(T13:Z13)-SUM(M13:P13) -> 0 | AI13: =SUM(T13:AA13)-SUM(M13:Q13) -> -140 | AJ13: =SUM(T13:AB13)-SUM(M13:R13) -> -140
A14: 542469500102D1 | B14: 102D1 | C14: 586118320-083 | D14: 42 | E14: 38 | F14: 24 | H14: =MAX(((D14+E14)-F14),0) -> 56 | I14: =MAX(H14-(SUM(M14:R14)),0) -> 0 | J14: =SUM(M14:S14) -> 56 | K14: =SUM(T14:Z14) -> 0 | M14: 14 | N14: 14 | P14: 14 | R14: 14 | AD14: =SUM(T14:AC14) -> 0 | AE14: =T14-M14 -> -14 | AF14: =SUM(T14:U14)-SUM(M14:N14) -> -28 | AG14: =SUM(T14:V14)-SUM(M14:O14) -> -28 | AH14: =SUM(T14:Z14)-SUM(M14:P14) -> -42 | AI14: =SUM(T14:AA14)-SUM(M14:Q14) -> -42 | AJ14: =SUM(T14:AB14)-SUM(M14:R14) -> -56
A15: 542469500118D1 | B15: 118D1 | C15: 586688560-083 | D15: 28 | E15: 0 | F15: 22 | H15: =MAX(((D15+E15)-F15),0) -> 6 | I15: =MAX(H15-(SUM(M15:R15)),0) -> 0 | J15: =SUM(M15:S15) -> 14 | K15: =SUM(T15:Z15) -> 0 | R15: 14 | AD15: =SUM(T15:AC15) -> 0 | AE15: =T15-M15 -> 0 | AF15: =SUM(T15:U15)-SUM(M15:N15) -> 0 | AG15: =SUM(T15:V15)-SUM(M15:O15) -> 0 | AH15: =SUM(T15:Z15)-SUM(M15:P15) -> 0 | AI15: =SUM(T15:AA15)-SUM(M15:Q15) -> 0 | AJ15: =SUM(T15:AB15)-SUM(M15:R15) -> -14
A16: 542469500119D1 | B16: 119D1 | C16: 586688570-083 | D16: 84 | E16: 218 | F16: 69 | H16: =MAX(((D16+E16)-F16),0) -> 233 | I16: =MAX(H16-(SUM(M16:R16)),0) -> 0 | J16: =SUM(M16:S16) -> 266 | K16: =SUM(T16:Z16) -> 0 | M16: 28 | N16: 56 | O16: 56 | P16: 28 | Q16: 56 | R16: 42 | AD16: =SUM(T16:AC16) -> 0 | AE16: =T16-M16 -> -28 | AF16: =SUM(T16:U16)-SUM(M16:N16) -> -84 | AG16: =SUM(T16:V16)-SUM(M16:O16) -> -140 | AH16: =SUM(T16:Z16)-SUM(M16:P16) -> -168 | AI16: =SUM(T16:AA16)-SUM(M16:Q16) -> -224 | AJ16: =SUM(T16:AB16)-SUM(M16:R16) -> -266
A17: 542469500120D1 | B17: 120D1 | C17: 586450180-083 | D17: 28 | E17: 37 | F17: 20 | H17: =MAX(((D17+E17)-F17),0) -> 45 | I17: =MAX(H17-(SUM(M17:R17)),0) -> 0 | J17: =SUM(M17:S17) -> 56 | K17: =SUM(T17:Z17) -> 0 | M17: 14 | N17: 14 | P17: 14 | Q17: 14 | AD17: =SUM(T17:AC17) -> 0 | AE17: =T17-M17 -> -14 | AF17: =SUM(T17:U17)-SUM(M17:N17) -> -28 | AG17: =SUM(T17:V17)-SUM(M17:O17) -> -28 | AH17: =SUM(T17:Z17)-SUM(M17:P17) -> -42 | AI17: =SUM(T17:AA17)-SUM(M17:Q17) -> -56 | AJ17: =SUM(T17:AB17)-SUM(M17:R17) -> -56
A18: 546769500115D1 | B18: 115D1 | C18: 586688580-083 | D18: 0 | E18: 0 | F18: 0 | H18: =MAX(((D18+E18)-F18),0) -> 0 | I18: =MAX(H18-(SUM(M18:R18)),0) -> 0 | J18: =SUM(M18:S18) -> 0 | K18: =SUM(T18:Z18) -> 0 | AD18: =SUM(T18:AC18) -> 0 | AE18: =T18-M18 -> 0 | AF18: =SUM(T18:U18)-SUM(M18:N18) -> 0 | AG18: =SUM(T18:V18)-SUM(M18:O18) -> 0 | AH18: =SUM(T18:Z18)-SUM(M18:P18) -> 0 | AI18: =SUM(T18:AA18)-SUM(M18:Q18) -> 0 | AJ18: =SUM(T18:AB18)-SUM(M18:R18) -> 0
A19: 546769500133D1 | B19: 133D1 | C19: 586688590-083 | D19: 28 | E19: 0 | F19: 26 | H19: =MAX(((D19+E19)-F19),0) -> 2 | I19: =MAX(H19-(SUM(M19:R19)),0) -> 2 | J19: =SUM(M19:S19) -> 0 | K19: =SUM(T19:Z19) -> 0 | AD19: =SUM(T19:AC19) -> 0 | AE19: =T19-M19 -> 0 | AF19: =SUM(T19:U19)-SUM(M19:N19) -> 0 | AG19: =SUM(T19:V19)-SUM(M19:O19) -> 0 | AH19: =SUM(T19:Z19)-SUM(M19:P19) -> 0 | AI19: =SUM(T19:AA19)-SUM(M19:Q19) -> 0 | AJ19: =SUM(T19:AB19)-SUM(M19:R19) -> 0
A20: 546769500134D1 | B20: 134D1 | C20: 586688600-083 | D20: 28 | E20: 43 | F20: 40 | H20: =MAX(((D20+E20)-F20),0) -> 31 | I20: =MAX(H20-(SUM(M20:R20)),0) -> 0 | J20: =SUM(M20:S20) -> 56 | K20: =SUM(T20:Z20) -> 0 | M20: 14 | O20: 14 | P20: 14 | Q20: 14 | AD20: =SUM(T20:AC20) -> 0 | AE20: =T20-M20 -> -14 | AF20: =SUM(T20:U20)-SUM(M20:N20) -> -14 | AG20: =SUM(T20:V20)-SUM(M20:O20) -> -28 | AH20: =SUM(T20:Z20)-SUM(M20:P20) -> -42 | AI20: =SUM(T20:AA20)-SUM(M20:Q20) -> -56 | AJ20: =SUM(T20:AB20)-SUM(M20:R20) -> -56
A21: 546769500135D1 | B21: 135D1 | C21: 586688610-083 | D21: 28 | E21: 27 | F21: 28 | H21: =MAX(((D21+E21)-F21),0) -> 27 | I21: =MAX(H21-(SUM(M21:R21)),0) -> 0 | J21: =SUM(M21:S21) -> 28 | K21: =SUM(T21:Z21) -> 0 | O21: 14 | P21: 14 | AD21: =SUM(T21:AC21) -> 0 | AE21: =T21-M21 -> 0 | AF21: =SUM(T21:U21)-SUM(M21:N21) -> 0 | AG21: =SUM(T21:V21)-SUM(M21:O21) -> -14 | AH21: =SUM(T21:Z21)-SUM(M21:P21) -> -28 | AI21: =SUM(T21:AA21)-SUM(M21:Q21) -> -28 | AJ21: =SUM(T21:AB21)-SUM(M21:R21) -> -28
A22: 542474700122 | B22: TAIL GATE | C22: 631161170-220 | D22: 50 | E22: 0 | F22: 55 | H22: =MAX(((D22+E22)-F22),0) -> 0 | I22: =MAX(H22-(SUM(M22:R22)),0) -> 0 | J22: =SUM(M22:S22) -> 0 | K22: =SUM(T22:Z22) -> 0 | AD22: =SUM(T22:AC22) -> 0 | AE22: =T22-M22 -> 0 | AF22: =SUM(T22:U22)-SUM(M22:N22) -> 0 | AG22: =SUM(T22:V22)-SUM(M22:O22) -> 0 | AH22: =SUM(T22:Z22)-SUM(M22:P22) -> 0 | AI22: =SUM(T22:AA22)-SUM(M22:Q22) -> 0 | AJ22: =SUM(T22:AB22)-SUM(M22:R22) -> 0
A23: 542463700115 | B23: SIDE RH | C23: 631161221-220 | D23: 50 | E23: 0 | F23: 60 | H23: =MAX(((D23+E23)-F23),0) -> 0 | I23: =MAX(H23-(SUM(M23:R23)),0) -> 0 | J23: =SUM(M23:S23) -> 0 | K23: =SUM(T23:Z23) -> 0 | AD23: =SUM(T23:AC23) -> 0 | AE23: =T23-M23 -> 0 | AF23: =SUM(T23:U23)-SUM(M23:N23) -> 0 | AG23: =SUM(T23:V23)-SUM(M23:O23) -> 0 | AH23: =SUM(T23:Z23)-SUM(M23:P23) -> 0 | AI23: =SUM(T23:AA23)-SUM(M23:Q23) -> 0 | AJ23: =SUM(T23:AB23)-SUM(M23:R23) -> 0
A24: 542463700114 | B24: SIDE LH | C24: 631161222-220 | D24: 50 | E24: 0 | F24: 42 | H24: =MAX(((D24+E24)-F24),0) -> 8 | I24: =MAX(H24-(SUM(M24:R24)),0) -> 8 | J24: =SUM(M24:S24) -> 0 | K24: =SUM(T24:Z24) -> 0 | AD24: =SUM(T24:AC24) -> 0 | AE24: =T24-M24 -> 0 | AF24: =SUM(T24:U24)-SUM(M24:N24) -> 0 | AG24: =SUM(T24:V24)-SUM(M24:O24) -> 0 | AH24: =SUM(T24:Z24)-SUM(M24:P24) -> 0 | AI24: =SUM(T24:AA24)-SUM(M24:Q24) -> 0 | AJ24: =SUM(T24:AB24)-SUM(M24:R24) -> 0
A25: 542472700140 | B25: FR RUBRAIL RH | C25: 631161181-220 | D25: 50 | E25: 0 | F25: 60 | H25: =MAX(((D25+E25)-F25),0) -> 0 | I25: =MAX(H25-(SUM(M25:R25)),0) -> 0 | J25: =SUM(M25:S25) -> 0 | K25: =SUM(T25:Z25) -> 0 | AD25: =SUM(T25:AC25) -> 0 | AE25: =T25-M25 -> 0 | AF25: =SUM(T25:U25)-SUM(M25:N25) -> 0 | AG25: =SUM(T25:V25)-SUM(M25:O25) -> 0 | AH25: =SUM(T25:Z25)-SUM(M25:P25) -> 0 | AI25: =SUM(T25:AA25)-SUM(M25:Q25) -> 0 | AJ25: =SUM(T25:AB25)-SUM(M25:R25) -> 0
A26: 542472700139 | B26: FR RUBRAIL LH | C26: 631161182-220 | D26: 50 | E26: 0 | F26: 40 | H26: =MAX(((D26+E26)-F26),0) -> 10 | I26: =MAX(H26-(SUM(M26:R26)),0) -> 10 | J26: =SUM(M26:S26) -> 0 | K26: =SUM(T26:Z26) -> 0 | AD26: =SUM(T26:AC26) -> 0 | AE26: =T26-M26 -> 0 | AF26: =SUM(T26:U26)-SUM(M26:N26) -> 0 | AG26: =SUM(T26:V26)-SUM(M26:O26) -> 0 | AH26: =SUM(T26:Z26)-SUM(M26:P26) -> 0 | AI26: =SUM(T26:AA26)-SUM(M26:Q26) -> 0 | AJ26: =SUM(T26:AB26)-SUM(M26:R26) -> 0
A27: 542473700124 | B27: RR RUBRAIL RH | C27: 631161191-220 | D27: 50 | E27: 0 | F27: 35 | H27: =MAX(((D27+E27)-F27),0) -> 15 | I27: =MAX(H27-(SUM(M27:R27)),0) -> 15 | J27: =SUM(M27:S27) -> 0 | K27: =SUM(T27:Z27) -> 0 | AD27: =SUM(T27:AC27) -> 0 | AE27: =T27-M27 -> 0 | AF27: =SUM(T27:U27)-SUM(M27:N27) -> 0 | AG27: =SUM(T27:V27)-SUM(M27:O27) -> 0 | AH27: =SUM(T27:Z27)-SUM(M27:P27) -> 0 | AI27: =SUM(T27:AA27)-SUM(M27:Q27) -> 0 | AJ27: =SUM(T27:AB27)-SUM(M27:R27) -> 0
A28: 542473700123 | B28: RR RUBRAIL LH | C28: 631161192-220 | D28: 50 | E28: 0 | F28: 36 | H28: =MAX(((D28+E28)-F28),0) -> 14 | I28: =MAX(H28-(SUM(M28:R28)),0) -> 14 | J28: =SUM(M28:S28) -> 0 | K28: =SUM(T28:Z28) -> 0 | AD28: =SUM(T28:AC28) -> 0 | AE28: =T28-M28 -> 0 | AF28: =SUM(T28:U28)-SUM(M28:N28) -> 0 | AG28: =SUM(T28:V28)-SUM(M28:O28) -> 0 | AH28: =SUM(T28:Z28)-SUM(M28:P28) -> 0 | AI28: =SUM(T28:AA28)-SUM(M28:Q28) -> 0 | AJ28: =SUM(T28:AB28)-SUM(M28:R28) -> 0
A29: 542488100121 | B29: FR WHEEL ARCH RH | C29: 631161201-220 | D29: 50 | E29: 0 | F29: 250 | H29: =MAX(((D29+E29)-F29),0) -> 0 | I29: =MAX(H29-(SUM(M29:R29)),0) -> 0 | J29: =SUM(M29:S29) -> 0 | K29: =SUM(T29:Z29) -> 0 | AD29: =SUM(T29:AC29) -> 0 | AE29: =T29-M29 -> 0 | AF29: =SUM(T29:U29)-SUM(M29:N29) -> 0 | AG29: =SUM(T29:V29)-SUM(M29:O29) -> 0 | AH29: =SUM(T29:Z29)-SUM(M29:P29) -> 0 | AI29: =SUM(T29:AA29)-SUM(M29:Q29) -> 0 | AJ29: =SUM(T29:AB29)-SUM(M29:R29) -> 0
A30: 542488100120 | B30: FR WHEEL ARCH LH | C30: 631161202-220 | D30: 50 | E30: 0 | F30: 50 | H30: =MAX(((D30+E30)-F30),0) -> 0 | I30: =MAX(H30-(SUM(M30:R30)),0) -> 0 | J30: =SUM(M30:S30) -> 0 | K30: =SUM(T30:Z30) -> 0 | AD30: =SUM(T30:AC30) -> 0 | AE30: =T30-M30 -> 0 | AF30: =SUM(T30:U30)-SUM(M30:N30) -> 0 | AG30: =SUM(T30:V30)-SUM(M30:O30) -> 0 | AH30: =SUM(T30:Z30)-SUM(M30:P30) -> 0 | AI30: =SUM(T30:AA30)-SUM(M30:Q30) -> 0 | AJ30: =SUM(T30:AB30)-SUM(M30:R30) -> 0
A31: 542488100123 | B31: RR WHEEL ARCH RH | C31: 631161211-220 | D31: 50 | E31: 0 | F31: 70 | H31: =MAX(((D31+E31)-F31),0) -> 0 | I31: =MAX(H31-(SUM(M31:R31)),0) -> 0 | J31: =SUM(M31:S31) -> 0 | K31: =SUM(T31:Z31) -> 0 | AD31: =SUM(T31:AC31) -> 0 | AE31: =T31-M31 -> 0 | AF31: =SUM(T31:U31)-SUM(M31:N31) -> 0 | AG31: =SUM(T31:V31)-SUM(M31:O31) -> 0 | AH31: =SUM(T31:Z31)-SUM(M31:P31) -> 0 | AI31: =SUM(T31:AA31)-SUM(M31:Q31) -> 0 | AJ31: =SUM(T31:AB31)-SUM(M31:R31) -> 0
A32: 542488100122 | B32: RR WHEEL ARCH LH | C32: 631161212-220 | D32: 50 | E32: 0 | F32: 30 | H32: =MAX(((D32+E32)-F32),0) -> 20 | I32: =MAX(H32-(SUM(M32:R32)),0) -> 20 | J32: =SUM(M32:S32) -> 0 | K32: =SUM(T32:Z32) -> 0 | AD32: =SUM(T32:AC32) -> 0 | AE32: =T32-M32 -> 0 | AF32: =SUM(T32:U32)-SUM(M32:N32) -> 0 | AG32: =SUM(T32:V32)-SUM(M32:O32) -> 0 | AH32: =SUM(T32:Z32)-SUM(M32:P32) -> 0 | AI32: =SUM(T32:AA32)-SUM(M32:Q32) -> 0 | AJ32: =SUM(T32:AB32)-SUM(M32:R32) -> 0
A33: 542490600102 | B33: ROOF RAIL RH | C33: 631122171-010 | D33: 50 | E33: 0 | F33: 40 | H33: =MAX(((D33+E33)-F33),0) -> 10 | I33: =MAX(H33-(SUM(M33:R33)),0) -> 10 | J33: =SUM(M33:S33) -> 0 | K33: =SUM(T33:Z33) -> 0 | AD33: =SUM(T33:AC33) -> 0 | AE33: =T33-M33 -> 0 | AF33: =SUM(T33:U33)-SUM(M33:N33) -> 0 | AG33: =SUM(T33:V33)-SUM(M33:O33) -> 0 | AH33: =SUM(T33:Z33)-SUM(M33:P33) -> 0 | AI33: =SUM(T33:AA33)-SUM(M33:Q33) -> 0 | AJ33: =SUM(T33:AB33)-SUM(M33:R33) -> 0
A34: 542490600101 | B34: ROOF RAIL LH | C34: 631122172-010 | D34: 50 | E34: 0 | F34: 40 | H34: =MAX(((D34+E34)-F34),0) -> 10 | I34: =MAX(H34-(SUM(M34:R34)),0) -> 10 | J34: =SUM(M34:S34) -> 0 | K34: =SUM(T34:Z34) -> 0 | AD34: =SUM(T34:AC34) -> 0 | AE34: =T34-M34 -> 0 | AF34: =SUM(T34:U34)-SUM(M34:N34) -> 0 | AG34: =SUM(T34:V34)-SUM(M34:O34) -> 0 | AH34: =SUM(T34:Z34)-SUM(M34:P34) -> 0 | AI34: =SUM(T34:AA34)-SUM(M34:Q34) -> 0 | AJ34: =SUM(T34:AB34)-SUM(M34:R34) -> 0
M35: 0.33333333 | N35: 0.41666667 | O35: 0.5 | P35: 0.58333333 | Q35: 0.66666667 | AD35: Actual | AE35: 0.27083333
A36: 546469500102ZX | B36: 102ZX | C36: 587136190-083 | D36: 80 | E36: 140 | F36: 76 | H36: =MAX(((D36+E36)-F36),0) -> 144 | I36: =MAX(H36-(SUM(M36:R36)),0) -> 0 | J36: =SUM(M36:S36) -> 204 | K36: =SUM(T36:Z36) -> 0 | M36: 28 | N36: 32 | O36: 48 | P36: 48 | Q36: 48 | AD36: =SUM(T36:AC36) -> 0 | AE36: =T36-M36 -> -28 | AF36: =SUM(T36:U36)-SUM(M36:N36) -> -60 | AG36: =SUM(T36:V36)-SUM(M36:O36) -> -108 | AH36: =SUM(T36:Z36)-SUM(M36:P36) -> -156 | AI36: =SUM(T36:AA36)-SUM(M36:Q36) -> -204 | AJ36: =SUM(T36:AB36)-SUM(M36:R36) -> -204
A37: 546469500109ZY | B37: 109ZY | C37: 587136180-083 | D37: 32 | E37: 16 | F37: 40 | H37: =MAX(((D37+E37)-F37),0) -> 8 | I37: =MAX(H37-(SUM(M37:R37)),0) -> 8 | J37: =SUM(M37:S37) -> 0 | K37: =SUM(T37:Z37) -> 0 | AD37: =SUM(T37:AC37) -> 0 | AE37: =T37-M37 -> 0 | AF37: =SUM(T37:U37)-SUM(M37:N37) -> 0 | AG37: =SUM(T37:V37)-SUM(M37:O37) -> 0 | AH37: =SUM(T37:Z37)-SUM(M37:P37) -> 0 | AI37: =SUM(T37:AA37)-SUM(M37:Q37) -> 0 | AJ37: =SUM(T37:AB37)-SUM(M37:R37) -> 0
A38: 546469500114ZY | B38: 114ZY | C38: 587011990-083 | D38: 64 | E38: 140 | F38: 140 | H38: =MAX(((D38+E38)-F38),0) -> 64 | I38: =MAX(H38-(SUM(M38:R38)),0) -> 0 | J38: =SUM(M38:S38) -> 156 | K38: =SUM(T38:Z38) -> 0 | M38: 12 | N38: 32 | O38: 32 | P38: 48 | Q38: 32 | AD38: =SUM(T38:AC38) -> 0 | AE38: =T38-M38 -> -12 | AF38: =SUM(T38:U38)-SUM(M38:N38) -> -44 | AG38: =SUM(T38:V38)-SUM(M38:O38) -> -76 | AH38: =SUM(T38:Z38)-SUM(M38:P38) -> -124 | AI38: =SUM(T38:AA38)-SUM(M38:Q38) -> -156 | AJ38: =SUM(T38:AB38)-SUM(M38:R38) -> -156
A39: 546469500114ZZ | B39: 114ZZ | C39: 587011990-220 | D39: 32 | E39: 30 | F39: 40 | H39: =MAX(((D39+E39)-F39),0) -> 22 | I39: =MAX(H39-(SUM(M39:R39)),0) -> 6 | J39: =SUM(M39:S39) -> 16 | K39: =SUM(T39:Z39) -> 0 | M39: 16 | AD39: =SUM(T39:AC39) -> 0 | AE39: =T39-M39 -> -16 | AF39: =SUM(T39:U39)-SUM(M39:N39) -> -16 | AG39: =SUM(T39:V39)-SUM(M39:O39) -> -16 | AH39: =SUM(T39:Z39)-SUM(M39:P39) -> -16 | AI39: =SUM(T39:AA39)-SUM(M39:Q39) -> -16 | AJ39: =SUM(T39:AB39)-SUM(M39:R39) -> -16
A40: 546469500102ZZ | B40: 102ZZ | C40: 587136190-220 | D40: 32 | E40: 11 | F40: 32 | H40: =MAX(((D40+E40)-F40),0) -> 11 | I40: =MAX(H40-(SUM(M40:R40)),0) -> 0 | J40: =SUM(M40:S40) -> 32 | K40: =SUM(T40:Z40) -> 0 | L40: - | N40: 16 | O40: 16 | AD40: =SUM(T40:AC40) -> 0 | AE40: =T40-M40 -> 0 | AF40: =SUM(T40:U40)-SUM(M40:N40) -> -16 | AG40: =SUM(T40:V40)-SUM(M40:O40) -> -32 | AH40: =SUM(T40:Z40)-SUM(M40:P40) -> -32 | AI40: =SUM(T40:AA40)-SUM(M40:Q40) -> -32 | AJ40: =SUM(T40:AB40)-SUM(M40:R40) -> -32
A41: 546469500120ZY | B41: 120ZY | D41: 32 | E41: 4 | F41: 0 | H41: =MAX(((D41+E41)-F41),0) -> 36 | I41: =MAX(H41-(SUM(M41:R41)),0) -> 4 | J41: =SUM(M41:S41) -> 32 | K41: =SUM(T41:Z41) -> 0 | L41: - | N41: 16 | Q41: 16 | AD41: =SUM(T41:AC41) -> 0 | AE41: =T41-M41 -> 0 | AF41: =SUM(T41:U41)-SUM(M41:N41) -> -16 | AG41: =SUM(T41:V41)-SUM(M41:O41) -> -16 | AH41: =SUM(T41:Z41)-SUM(M41:P41) -> -16 | AI41: =SUM(T41:AA41)-SUM(M41:Q41) -> -32 | AJ41: =SUM(T41:AB41)-SUM(M41:R41) -> -32
A45: 27
A46: 32
A47: 16
A48: 12
A49: 21

Sheet 19-Sep
C1: 45919 | H1: Vehicle Trip Plan | O1: Actual Dispatch
H2: T-1 | I2: T-2 | J2: T-3 | K2: T-4 | L2: T-5 | M2: T-6 | N2: T-7 | O2: T-1 | P2: T-2 | Q2: T-3 | R2: T-4 | S2: T-5 | T2: T-6 | U2: T-7 | V2: T-8
A3: Customer Part No. | B3: Description | C3: Material Code | D3: Customer's Todays Plan | E3: Vehicle No | F3: Total Plan | G3: Total Actual | H3: ='8-Sep'!M4 -> 0 | I3: ='8-Sep'!N4 -> 0 | J3: ='8-Sep'!O4 -> 0 | K3: ='8-Sep'!P4 -> 0 | L3: ='8-Sep'!Q4 -> 0 | M3: ='8-Sep'!R4 -> 0 | N3: ='8-Sep'!S4 -> 0 | O3: ='8-Sep'!T4 -> 0 | ... U3: ='8-Sep'!Z4 -> 0
E4: Intime
E5: Out Time
E6: CE open STK | H6: 0.33333333 | I6: 0.41666667 | J6: 0.625 | K6: 0.75 | L6: 0.83333333 | O6: 0.41666667 | P6: 0.44444444 | Q6: 0.56944444 | R6: 0.76041667 | S6: ='8-Sep'!X6 -> 0 | T6: ='8-Sep'!Y6 -> 0 | U6: ='8-Sep'!Z6 -> 0
A7: 542468900289ZZ | B7: Cluster GB | C7: 753000360-200 | D7: 11 | E7: 90 | F7: =SUM(H7:N7) -> 96 | G7: =SUM(O7:U7) -> 0 | K7: 96 | N7: ='8-Sep'!S7 -> 0 | S7: =VLOOKUP($A7,'8-Sep'!$A$3:$Z$45,24,0) -> 0 | T7: =VLOOKUP($A7,'8-Sep'!$A$3:$Z$45,25,0) -> 0 | U7: =VLOOKUP($A7,'8-Sep'!$A$3:$Z$45,26,0) -> 0
A8: 542468900289ZV | B8: Cluster ULS | C8: 753000360-324 | D8: 349 | E8: 250 | F8: =SUM(H8:N8) -> 384 | G8: =SUM(O8:U8) -> 384 | H8: 96 | I8: 96 | J8: 96 | K8: 96 | N8: ='8-Sep'!S8 -> 0 | O8: 96 | P8: 96 | Q8: 96 | R8: 96 | S8: =VLOOKUP($A8,'8-Sep'!$A$3:$Z$45,24,0) -> 0 | T8: =VLOOKUP($A8,'8-Sep'!$A$3:$Z$45,25,0) -> 0 | U8: =VLOOKUP($A8,'8-Sep'!$A$3:$Z$45,26,0) -> 0
A9: 542468900289ZQ | B9: Cluster Titan Brown | C9: 753000360-011 | D9: 40 | E9: 130 | F9: =SUM(H9:N9) -> 0 | G9: =SUM(O9:U9) -> 0 | N9: ='8-Sep'!S9 -> 0 | S9: =VLOOKUP($A9,'8-Sep'!$A$3:$Z$45,24,0) -> 0 | T9: =VLOOKUP($A9,'8-Sep'!$A$3:$Z$45,25,0) -> 0 | U9: =VLOOKUP($A9,'8-Sep'!$A$3:$Z$45,26,0) -> 0
A10: 542468910103CC | B10: Console LLG | C10: 753000370-009 | D10: 17 | E10: 140 | F10: =SUM(H10:N10) -> 0 | G10: =SUM(O10:U10) -> 0 | N10: ='8-Sep'!S10 -> 0 | S10: =VLOOKUP($A10,'8-Sep'!$A$3:$Z$45,24,0) -> 0 | T10: =VLOOKUP($A10,'8-Sep'!$A$3:$Z$45,25,0) -> 0 | U10: =VLOOKUP($A10,'8-Sep'!$A$3:$Z$45,26,0) -> 0
A11: 542468910103D1 | B11: Console KLG | C11: 753000370-452 | D11: 221 | E11: 370 | F11: =SUM(H11:N11) -> 0 | G11: =SUM(O11:U11) -> 0 | N11: ='8-Sep'!S11 -> 0 | S11: =VLOOKUP($A11,'8-Sep'!$A$3:$Z$45,24,0) -> 0 | T11: =VLOOKUP($A11,'8-Sep'!$A$3:$Z$45,25,0) -> 0 | U11: =VLOOKUP($A11,'8-Sep'!$A$3:$Z$45,26,0) -> 0
A12: 542569500104D1 | B12: HMSL KLG | C12: 630131090-452 | D12: 0 | E12: 280 | F12: =SUM(H12:N12) -> 0 | G12: =SUM(O12:U12) -> 0 | N12: ='8-Sep'!S12 -> 0 | S12: =VLOOKUP($A12,'8-Sep'!$A$3:$Z$45,24,0) -> 0 | T12: =VLOOKUP($A12,'8-Sep'!$A$3:$Z$45,25,0) -> 0 | U12: =VLOOKUP($A12,'8-Sep'!$A$3:$Z$45,26,0) -> 0
A13: 542569500104CC | B13: HMSL LLG | C13: 630131090 | D13: 40 | E13: 100 | F13: =SUM(H13:N13) -> 140 | G13: =SUM(O13:U13) -> 0 | I13: 140 | N13: ='8-Sep'!S13 -> 0 | S13: =VLOOKUP($A13,'8-Sep'!$A$3:$Z$45,24,0) -> 0 | T13: =VLOOKUP($A13,'8-Sep'!$A$3:$Z$45,25,0) -> 0 | U13: =VLOOKUP($A13,'8-Sep'!$A$3:$Z$45,26,0) -> 0
A14: 542469500102D1 | B14: 102D1 | C14: 586118320-083 | D14: 49 | E14: 40 | F14: =SUM(H14:N14) -> 56 | G14: =SUM(O14:U14) -> 28 | H14: 14 | J14: 14 | L14: 28 | N14: ='8-Sep'!S14 -> 0 | O14: 14 | R14: 14 | S14: =VLOOKUP($A14,'8-Sep'!$A$3:$Z$45,24,0) -> 0 | T14: =VLOOKUP($A14,'8-Sep'!$A$3:$Z$45,25,0) -> 0 | U14: =VLOOKUP($A14,'8-Sep'!$A$3:$Z$45,26,0) -> 0
A15: 542469500118D1 | B15: 118D1 | C15: 586688560-083 | D15: 8 | E15: 38 | F15: =SUM(H15:N15) -> 28 | G15: =SUM(O15:U15) -> 0 | K15: 14 | L15: 14 | N15: ='8-Sep'!S15 -> 0 | S15: =VLOOKUP($A15,'8-Sep'!$A$3:$Z$45,24,0) -> 0 | T15: =VLOOKUP($A15,'8-Sep'!$A$3:$Z$45,25,0) -> 0 | U15: =VLOOKUP($A15,'8-Sep'!$A$3:$Z$45,26,0) -> 0
A16: 542469500119D1 | B16: 119D1 | C16: 586688570-083 | D16: 209 | E16: 90 | F16: =SUM(H16:N16) -> 238 | G16: =SUM(O16:U16) -> 182 | H16: 56 | I16: 70 | J16: 28 | K16: 42 | L16: 42 | N16: ='8-Sep'!S16 -> 0 | O16: 42 | P16: 70 | Q16: 70 | S16: =VLOOKUP($A16,'8-Sep'!$A$3:$Z$45,24,0) -> 0 | T16: =VLOOKUP($A16,'8-Sep'!$A$3:$Z$45,25,0) -> 0 | U16: =VLOOKUP($A16,'8-Sep'!$A$3:$Z$45,26,0) -> 0
A17: 542469500120D1 | B17: 120D1 | C17: 586450180-083 | D17: 44 | E17: 38 | F17: =SUM(H17:N17) -> 42 | G17: =SUM(O17:U17) -> 28 | H17: 14 | J17: 14 | K17: 14 | N17: ='8-Sep'!S17 -> 0 | Q17: 14 | R17: 14 | S17: =VLOOKUP($A17,'8-Sep'!$A$3:$Z$45,24,0) -> 0 | T17: =VLOOKUP($A17,'8-Sep'!$A$3:$Z$45,25,0) -> 0 | U17: =VLOOKUP($A17,'8-Sep'!$A$3:$Z$45,26,0) -> 0
A18: 546769500115D1 | B18: 115D1 | C18: 586688580-083 | D18: 0 | E18: 0 | F18: =SUM(H18:N18) -> 0 | G18: =SUM(O18:U18) -> 0 | N18: ='8-Sep'!S18 -> 0 | S18: =VLOOKUP($A18,'8-Sep'!$A$3:$Z$45,24,0) -> 0 | T18: =VLOOKUP($A18,'8-Sep'!$A$3:$Z$45,25,0) -> 0 | U18: =VLOOKUP($A18,'8-Sep'!$A$3:$Z$45,26,0) -> 0
A19: 546769500133D1 | B19: 133D1 | C19: 586688590-083 | D19: 0 | E19: 24 | F19: =SUM(H19:N19) -> 0 | G19: =SUM(O19:U19) -> 0 | N19: ='8-Sep'!S19 -> 0 | S19: =VLOOKUP($A19,'8-Sep'!$A$3:$Z$45,24,0) -> 0 | T19: =VLOOKUP($A19,'8-Sep'!$A$3:$Z$45,25,0) -> 0 | U19: =VLOOKUP($A19,'8-Sep'!$A$3:$Z$45,26,0) -> 0
A20: 546769500134D1 | B20: 134D1 | C20: 586688600-083 | D20: 38 | E20: 38 | F20: =SUM(H20:N20) -> 42 | G20: =SUM(O20:U20) -> 14 | I20: 14 | J20: 14 | K20: 14 | N20: ='8-Sep'!S20 -> 0 | R20: 14 | S20: =VLOOKUP($A20,'8-Sep'!$A$3:$Z$45,24,0) -> 0 | T20: =VLOOKUP($A20,'8-Sep'!$A$3:$Z$45,25,0) -> 0 | U20: =VLOOKUP($A20,'8-Sep'!$A$3:$Z$45,26,0) -> 0
A21: 546769500135D1 | B21: 135D1 | C21: 586688610-083 | D21: 12 | E21: 38 | F21: =SUM(H21:N21) -> 14 | G21: =SUM(O21:U21) -> 14 | J21: 14 | N21: ='8-Sep'!S21 -> 0 | R21: 14 | S21: =VLOOKUP($A21,'8-Sep'!$A$3:$Z$45,24,0) -> 0 | T21: =VLOOKUP($A21,'8-Sep'!$A$3:$Z$45,25,0) -> 0 | U21: =VLOOKUP($A21,'8-Sep'!$A$3:$Z$45,26,0) -> 0
A22: Customer Part No. | B22: Description | C22: Material Code | D22: Customer's Todays Plan | E22: CE open STK | F22: Total Plan | G22: Total Actual | H22: Vehicle Trip Plan | O22: Actual Dispatch
H23: T-1 | I23: T-2 | J23: T-3 | K23: T-4 | L23: T-5 | M23: T-6 | N23: T-7 | O23: T-1 | P23: T-2 | Q23: T-3 | R23: T-4 | S23: T-5 | T23: T-6 | U23: T-7
H24: 0.33333333 | I24: 0.41666667 | J24: 0.54166667 | K24: 0.625 | L24: 0.70833333 | M24: 0.75 | O24: 0.39583333 | P24: 0.52083333 | Q24: 0.6875 | R24: 0.79861111
A25: 546469500102ZX | B25: 102ZX | C25: 587136190-083 | D25: 162 | E25: 96 | F25: =SUM(H25:N25) -> 240 | H25: 32 | I25: 32 | J25: 32 | K25: 48 | L25: 64 | M25: 32 | N25: ='8-Sep'!S36 -> 0 | O25: 32 | P25: 32 | Q25: 44 | R25: 24 | S25: =VLOOKUP($A25,'8-Sep'!$A$3:$Z$45,24,0) -> 0 | T25: =VLOOKUP($A25,'8-Sep'!$A$3:$Z$45,25,0) -> 0 | U25: =VLOOKUP($A25,'8-Sep'!$A$3:$Z$45,26,0) -> 0 | W25: =SUM(O25:V25) -> 132
A26: 546469500109ZY | B26: 109ZY | C26: 587136180-083 | D26: 9 | E26: 28 | F26: =SUM(H26:N26) -> 16 | G26: =SUM(O26:U26) -> 16 | M26: 16 | R26: 16 | S26: =VLOOKUP($A26,'8-Sep'!$A$3:$Z$45,24,0) -> 0 | T26: =VLOOKUP($A26,'8-Sep'!$A$3:$Z$45,25,0) -> 0 | U26: =VLOOKUP($A26,'8-Sep'!$A$3:$Z$45,26,0) -> 0 | W26: =SUM(O26:V26) -> 16
A27: 546469500114ZY | B27: 114ZY | C27: 587011990-083 | D27: 238 | E27: 148 | F27: =SUM(H27:N27) -> 192 | G27: =SUM(O27:U27) -> 84 | H27: 48 | I27: 32 | J27: 32 | K27: 48 | L27: 32 | O27: 16 | P27: 24 | Q27: 28 | R27: 16 | S27: =VLOOKUP($A27,'8-Sep'!$A$3:$Z$45,24,0) -> 0 | T27: =VLOOKUP($A27,'8-Sep'!$A$3:$Z$45,25,0) -> 0 | U27: =VLOOKUP($A27,'8-Sep'!$A$3:$Z$45,26,0) -> 0 | W27: =SUM(O27:V27) -> 84
A28: 546469500114ZZ | B28: 114ZZ | C28: 587011990-220 | D28: 26 | E28: 46 | F28: =SUM(H28:N28) -> 16 | G28: =SUM(O28:U28) -> 16 | M28: 16 | O28: 16 | S28: =VLOOKUP($A28,'8-Sep'!$A$3:$Z$45,24,0) -> 0 | T28: =VLOOKUP($A28,'8-Sep'!$A$3:$Z$45,25,0) -> 0 | U28: =VLOOKUP($A28,'8-Sep'!$A$3:$Z$45,26,0) -> 0 | W28: =SUM(O28:V28) -> 16
A29: 546469500102ZZ | B29: 102ZZ | C29: 587136190-220 | D29: 41 | E29: 16 | F29: =SUM(H29:N29) -> 80 | G29: =SUM(O29:U29) -> 48 | H29: 16 | I29: 16 | J29: 32 | M29: 16 | O29: 16 | P29: 16 | R29: 16 | S29: =VLOOKUP($A29,'8-Sep'!$A$3:$Z$45,24,0) -> 0 | T29: =VLOOKUP($A29,'8-Sep'!$A$3:$Z$45,25,0) -> 0 | U29: =VLOOKUP($A29,'8-Sep'!$A$3:$Z$45,26,0) -> 0 | W29: =SUM(O29:V29) -> 48
A30: 546469500120ZY | B30: 120ZY | C30: 587136190-220 | D30: 3 | E30: 0 | F30: =SUM(H30:N30) -> 32 | I30: 16 | M30: 16

Sheet 19092025
F1: 45919 | M1: Vehicle Trip Plan | T1: Actual Dispatch | AE1: GAP
M2: T-1 | N2: T-2 | O2: T-3 | P2: T-4 | Q2: T-5 | R2: T-6 | T2: T-1 | U2: T-2 | V2: T-3 | W2: T-4 | X2: T-5 | Y2: T-6 | Z2: T-7 | AA2: T-8 | AB2: T=9 | AD2: Vehicle No. | AE2: T-1 | AF2: T-2 | AG2: T-3 | AH2: T-4 | AI2: T-5 | AJ2: T-6
A3: Customer Part No. | B3: Description | C3: Material Code | D3: Stocking Norm | E3: Customer's Todays Plan | F3: Stock at Customer End | G3: Stock on Wheel | H3: Dispatch Requirement | I3: Short against Requirement | J3: Total Plan | K3: Total Actual | L3: No Of Trolley | M3: 6 | N3: 6 | O3: 6 | P3: 6 | Q3: 6 | R3: 6 | S3: =SUM(M3:R3) -> 36 | T3: 6 | U3: 3 | V3: 5 | W3: 4 | X3: 5 | Y3: 5 | AC3: =SUM(T3:AB3) -> 28 | AE3: =T3-M3 -> 0 | AF3: =SUM(T3:U3)-SUM(M3:N3) -> -3 | AG3: =SUM(T3:V3)-SUM(M3:O3) -> -4 | AH3: =SUM(T3:Z3)-SUM(M3:P3) -> 4 | AI3: =SUM(T3:AA3)-SUM(M3:Q3) -> -2 | AJ3: =SUM(T3:AB3)-SUM(M3:R3) -> -8
L4: Vehicle No | AD4: Out Time
AD5: In time
L6: Time | M6: 0.33333333 | N6: 0.41666667 | O6: 0.625 | P6: 0.75 | Q6: 0.83333333 | T6: 0.41666667 | U6: 0.44444444 | V6: 0.56944444 | W6: 0.76041667 | AD6: Actual | AE6: 0.27083333 | AF6: 0.29166667 | AG6: 0.40625 | AH6: 0.46875 | AI6: 0.61458333
A7: 542468900289ZZ | B7: Cluster GB | C7: 753000360-200 | D7: 184 | E7: 11 | F7: 90 | H7: =MAX(((D7+E7)-F7),0) -> 105 | I7: =MAX(H7-(SUM(M7:R7)),0) -> 9 | J7: =SUM(M7:S7) -> 96 | K7: =SUM(T7:Z7) -> 0 | P7: 96 | AD7: =SUM(T7:AC7) -> 0 | AE7: =T7-M7 -> 0 | AF7: =SUM(T7:U7)-SUM(M7:N7) -> 0 | AG7: =SUM(T7:V7)-SUM(M7:O7) -> 0 | AH7: =SUM(T7:Z7)-SUM(M7:P7) -> -96 | AI7: =SUM(T7:AA7)-SUM(M7:Q7) -> -96 | AJ7: =SUM(T7:AB7)-SUM(M7:R7) -> -96
A8: 542468900289ZV | B8: Cluster ULS | C8: 753000360-324 | D8: 199 | E8: 349 | F8: 250 | H8: =MAX(((D8+E8)-F8),0) -> 298 | I8: =MAX(H8-(SUM(M8:R8)),0) -> 0 | J8: =SUM(M8:S8) -> 384 | K8: =SUM(T8:Z8) -> 384 | M8: 96 | N8: 96 | O8: 96 | P8: 96 | T8: 96 | U8: 96 | V8: 96 | W8: 96 | AD8: =SUM(T8:AC8) -> 384 | AE8: =T8-M8 -> 0 | AF8: =SUM(T8:U8)-SUM(M8:N8) -> 0 | AG8: =SUM(T8:V8)-SUM(M8:O8) -> 0 | AH8: =SUM(T8:Z8)-SUM(M8:P8) -> 0 | AI8: =SUM(T8:AA8)-SUM(M8:Q8) -> 0 | AJ8: =SUM(T8:AB8)-SUM(M8:R8) -> 0
A9: 542468900289ZQ | B9: Cluster Titan Brown | C9: 753000360-011 | D9: 120 | E9: 40 | F9: 130 | H9: =MAX(((D9+E9)-F9),0) -> 30 | I9: =MAX(H9-(SUM(M9:R9)),0) -> 30 | J9: =SUM(M9:S9) -> 0 | K9: =SUM(T9:Z9) -> 0 | AD9: =SUM(T9:AC9) -> 0 | AE9: =T9-M9 -> 0 | AF9: =SUM(T9:U9)-SUM(M9:N9) -> 0 | AG9: =SUM(T9:V9)-SUM(M9:O9) -> 0 | AH9: =SUM(T9:Z9)-SUM(M9:P9) -> 0 | AI9: =SUM(T9:AA9)-SUM(M9:Q9) -> 0 | AJ9: =SUM(T9:AB9)-SUM(M9:R9) -> 0
A10: 542468910103CC | B10: Console LLG | C10: 753000370-009 | D10: 130 | E10: 17 | F10: 140 | H10: =MAX(((D10+E10)-F10),0) -> 7 | I10: =MAX(H10-(SUM(M10:R10)),0) -> 7 | J10: =SUM(M10:S10) -> 0 | K10: =SUM(T10:Z10) -> 0 | AD10: =SUM(T10:AC10) -> 0 | AE10: =T10-M10 -> 0 | AF10: =SUM(T10:U10)-SUM(M10:N10) -> 0 | AG10: =SUM(T10:V10)-SUM(M10:O10) -> 0 | AH10: =SUM(T10:Z10)-SUM(M10:P10) -> 0 | AI10: =SUM(T10:AA10)-SUM(M10:Q10) -> 0 | AJ10: =SUM(T10:AB10)-SUM(M10:R10) -> 0
A11: 542468910103D1 | B11: Console KLG | C11: 753000370-452 | D11: 260 | E11: 221 | F11: 370 | H11: =MAX(((D11+E11)-F11),0) -> 111 | I11: =MAX(H11-(SUM(M11:R11)),0) -> 111 | J11: =SUM(M11:S11) -> 0 | K11: =SUM(T11:Z11) -> 0 | AD11: =SUM(T11:AC11) -> 0 | AE11: =T11-M11 -> 0 | AF11: =SUM(T11:U11)-SUM(M11:N11) -> 0 | AG11: =SUM(T11:V11)-SUM(M11:O11) -> 0 | AH11: =SUM(T11:Z11)-SUM(M11:P11) -> 0 | AI11: =SUM(T11:AA11)-SUM(M11:Q11) -> 0 | AJ11: =SUM(T11:AB11)-SUM(M11:R11) -> 0
A12: 542569500104D1 | B12: HMSL KLG | C12: 630131090-452 | D12: 140 | E12: 0 | F12: 280 | H12: =MAX(((D12+E12)-F12),0) -> 0 | I12: =MAX(H12-(SUM(M12:R12)),0) -> 0 | J12: =SUM(M12:S12) -> 0 | K12: =SUM(T12:Z12) -> 0 | AD12: =SUM(T12:AC12) -> 0 | AE12: =T12-M12 -> 0 | AF12: =SUM(T12:U12)-SUM(M12:N12) -> 0 | AG12: =SUM(T12:V12)-SUM(M12:O12) -> 0 | AH12: =SUM(T12:Z12)-SUM(M12:P12) -> 0 | AI12: =SUM(T12:AA12)-SUM(M12:Q12) -> 0 | AJ12: =SUM(T12:AB12)-SUM(M12:R12) -> 0
A13: 542569500104CC | B13: HMSL LLG | C13: 630131090 | D13: 140 | E13: 40 | F13: 100 | H13: =MAX(((D13+E13)-F13),0) -> 80 | I13: =MAX(H13-(SUM(M13:R13)),0) -> 0 | J13: =SUM(M13:S13) -> 140 | K13: =SUM(T13:Z13) -> 0 | N13: 140 | AD13: =SUM(T13:AC13) -> 0 | AE13: =T13-M13 -> 0 | AF13: =SUM(T13:U13)-SUM(M13:N13) -> -140 | AG13: =SUM(T13:V13)-SUM(M13:O13) -> -140 | AH13: =SUM(T13:Z13)-SUM(M13:P13) -> -140 | AI13: =SUM(T13:AA13)-SUM(M13:Q13) -> -140 | AJ13: =SUM(T13:AB13)-SUM(M13:R13) -> -140
A14: 542469500102D1 | B14: 102D1 | C14: 586118320-083 | D14: 42 | E14: 49 | F14: 40 | H14: =MAX(((D14+E14)-F14),0) -> 51 | I14: =MAX(H14-(SUM(M14:R14)),0) -> 0 | J14: =SUM(M14:S14) -> 56 | K14: =SUM(T14:Z14) -> 28 | M14: 14 | O14: 14 | Q14: 28 | T14: 14 | W14: 14 | AD14: =SUM(T14:AC14) -> 28 | AE14: =T14-M14 -> 0 | AF14: =SUM(T14:U14)-SUM(M14:N14) -> 0 | AG14: =SUM(T14:V14)-SUM(M14:O14) -> -14 | AH14: =SUM(T14:Z14)-SUM(M14:P14) -> 0 | AI14: =SUM(T14:AA14)-SUM(M14:Q14) -> -28 | AJ14: =SUM(T14:AB14)-SUM(M14:R14) -> -28
A15: 542469500118D1 | B15: 118D1 | C15: 586688560-083 | D15: 28 | E15: 8 | F15: 38 | H15: =MAX(((D15+E15)-F15),0) -> 0 | I15: =MAX(H15-(SUM(M15:R15)),0) -> 0 | J15: =SUM(M15:S15) -> 28 | K15: =SUM(T15:Z15) -> 0 | P15: 14 | Q15: 14 | AD15: =SUM(T15:AC15) -> 0 | AE15: =T15-M15 -> 0 | AF15: =SUM(T15:U15)-SUM(M15:N15) -> 0 | AG15: =SUM(T15:V15)-SUM(M15:O15) -> 0 | AH15: =SUM(T15:Z15)-SUM(M15:P15) -> -14 | AI15: =SUM(T15:AA15)-SUM(M15:Q15) -> -28 | AJ15: =SUM(T15:AB15)-SUM(M15:R15) -> -28
A16: 542469500119D1 | B16: 119D1 | C16: 586688570-083 | D16: 84 | E16: 209 | F16: 90 | H16: =MAX(((D16+E16)-F16),0) -> 203 | I16: =MAX(H16-(SUM(M16:R16)),0) -> 0 | J16: =SUM(M16:S16) -> 238 | K16: =SUM(T16:Z16) -> 182 | M16: 56 | N16: 70 | O16: 28 | P16: 42 | Q16: 42 | T16: 42 | U16: 70 | V16: 70 | AD16: =SUM(T16:AC16) -> 182 | AE16: =T16-M16 -> -14 | AF16: =SUM(T16:U16)-SUM(M16:N16) -> -14 | AG16: =SUM(T16:V16)-SUM(M16:O16) -> 28 | AH16: =SUM(T16:Z16)-SUM(M16:P16) -> -14 | AI16: =SUM(T16:AA16)-SUM(M16:Q16) -> -56 | AJ16: =SUM(T16:AB16)-SUM(M16:R16) -> -56
A17: 542469500120D1 | B17: 120D1 | C17: 586450180-083 | D17: 28 | E17: 44 | F17: 38 | H17: =MAX(((D17+E17)-F17),0) -> 34 | I17: =MAX(H17-(SUM(M17:R17)),0) -> 0 | J17: =SUM(M17:S17) -> 42 | K17: =SUM(T17:Z17) -> 28 | M17: 14 | O17: 14 | P17: 14 | V17: 14 | W17: 14 | AD17: =SUM(T17:AC17) -> 28 | AE17: =T17-M17 -> -14 | AF17: =SUM(T17:U17)-SUM(M17:N17) -> -14 | AG17: =SUM(T17:V17)-SUM(M17:O17) -> -14 | AH17: =SUM(T17:Z17)-SUM(M17:P17) -> -14 | AI17: =SUM(T17:AA17)-SUM(M17:Q17) -> -14 | AJ17: =SUM(T17:AB17)-SUM(M17:R17) -> -14
A18: 546769500115D1 | B18: 115D1 | C18: 586688580-083 | D18: 0 | E18: 0 | F18: 0 | H18: =MAX(((D18+E18)-F18),0) -> 0 | I18: =MAX(H18-(SUM(M18:R18)),0) -> 0 | J18: =SUM(M18:S18) -> 0 | K18: =SUM(T18:Z18) -> 0 | AD18: =SUM(T18:AC18) -> 0 | AE18: =T18-M18 -> 0 | AF18: =SUM(T18:U18)-SUM(M18:N18) -> 0 | AG18: =SUM(T18:V18)-SUM(M18:O18) -> 0 | AH18: =SUM(T18:Z18)-SUM(M18:P18) -> 0 | AI18: =SUM(T18:AA18)-SUM(M18:Q18) -> 0 | AJ18: =SUM(T18:AB18)-SUM(M18:R18) -> 0
A19: 546769500133D1 | B19: 133D1 | C19: 586688590-083 | D19: 28 | E19: 0 | F19: 24 | H19: =MAX(((D19+E19)-F19),0) -> 4 | I19: =MAX(H19-(SUM(M19:R19)),0) -> 4 | J19: =SUM(M19:S19) -> 0 | K19: =SUM(T19:Z19) -> 0 | AD19: =SUM(T19:AC19) -> 0 | AE19: =T19-M19 -> 0 | AF19: =SUM(T19:U19)-SUM(M19:N19) -> 0 | AG19: =SUM(T19:V19)-SUM(M19:O19) -> 0 | AH19: =SUM(T19:Z19)-SUM(M19:P19) -> 0 | AI19: =SUM(T19:AA19)-SUM(M19:Q19) -> 0 | AJ19: =SUM(T19:AB19)-SUM(M19:R19) -> 0
A20: 546769500134D1 | B20: 134D1 | C20: 586688600-083 | D20: 28 | E20: 38 | F20: 38 | H20: =MAX(((D20+E20)-F20),0) -> 28 | I20: =MAX(H20-(SUM(M20:R20)),0) -> 0 | J20: =SUM(M20:S20) -> 42 | K20: =SUM(T20:Z20) -> 14 | N20: 14 | O20: 14 | P20: 14 | W20: 14 | AD20: =SUM(T20:AC20) -> 14 | AE20: =T20-M20 -> 0 | AF20: =SUM(T20:U20)-SUM(M20:N20) -> -14 | AG20: =SUM(T20:V20)-SUM(M20:O20) -> -28 | AH20: =SUM(T20:Z20)-SUM(M20:P20) -> -28 | AI20: =SUM(T20:AA20)-SUM(M20:Q20) -> -28 | AJ20: =SUM(T20:AB20)-SUM(M20:R20) -> -28
A21: 546769500135D1 | B21: 135D1 | C21: 586688610-083 | D21: 28 | E21: 12 | F21: 38 | H21: =MAX(((D21+E21)-F21),0) -> 2 | I21: =MAX(H21-(SUM(M21:R21)),0) -> 0 | J21: =SUM(M21:S21) -> 14 | K21: =SUM(T21:Z21) -> 14 | O21: 14 | W21: 14 | AD21: =SUM(T21:AC21) -> 14 | AE21: =T21-M21 -> 0 | AF21: =SUM(T21:U21)-SUM(M21:N21) -> 0 | AG21: =SUM(T21:V21)-SUM(M21:O21) -> -14 | AH21: =SUM(T21:Z21)-SUM(M21:P21) -> 0 | AI21: =SUM(T21:AA21)-SUM(M21:Q21) -> 0 | AJ21: =SUM(T21:AB21)-SUM(M21:R21) -> 0
A22: 542474700122 | B22: TAIL GATE | C22: 631161170-220 | D22: 50 | E22: 0 | F22: 55 | H22: =MAX(((D22+E22)-F22),0) -> 0 | I22: =MAX(H22-(SUM(M22:R22)),0) -> 0 | J22: =SUM(M22:S22) -> 0 | K22: =SUM(T22:Z22) -> 0 | AD22: =SUM(T22:AC22) -> 0 | AE22: =T22-M22 -> 0 | AF22: =SUM(T22:U22)-SUM(M22:N22) -> 0 | AG22: =SUM(T22:V22)-SUM(M22:O22) -> 0 | AH22: =SUM(T22:Z22)-SUM(M22:P22) -> 0 | AI22: =SUM(T22:AA22)-SUM(M22:Q22) -> 0 | AJ22: =SUM(T22:AB22)-SUM(M22:R22) -> 0
A23: 542463700115 | B23: SIDE RH | C23: 631161221-220 | D23: 50 | E23: 0 | F23: 60 | H23: =MAX(((D23+E23)-F23),0) -> 0 | I23: =MAX(H23-(SUM(M23:R23)),0) -> 0 | J23: =SUM(M23:S23) -> 0 | K23: =SUM(T23:Z23) -> 0 | AD23: =SUM(T23:AC23) -> 0 | AE23: =T23-M23 -> 0 | AF23: =SUM(T23:U23)-SUM(M23:N23) -> 0 | AG23: =SUM(T23:V23)-SUM(M23:O23) -> 0 | AH23: =SUM(T23:Z23)-SUM(M23:P23) -> 0 | AI23: =SUM(T23:AA23)-SUM(M23:Q23) -> 0 | AJ23: =SUM(T23:AB23)-SUM(M23:R23) -> 0
A24: 542463700114 | B24: SIDE LH | C24: 631161222-220 | D24: 50 | E24: 0 | F24: 42 | H24: =MAX(((D24+E24)-F24),0) -> 8 | I24: =MAX(H24-(SUM(M24:R24)),0) -> 8 | J24: =SUM(M24:S24) -> 0 | K24: =SUM(T24:Z24) -> 0 | AD24: =SUM(T24:AC24) -> 0 | AE24: =T24-M24 -> 0 | AF24: =SUM(T24:U24)-SUM(M24:N24) -> 0 | AG24: =SUM(T24:V24)-SUM(M24:O24) -> 0 | AH24: =SUM(T24:Z24)-SUM(M24:P24) -> 0 | AI24: =SUM(T24:AA24)-SUM(M24:Q24) -> 0 | AJ24: =SUM(T24:AB24)-SUM(M24:R24) -> 0
A25: 542472700140 | B25: FR RUBRAIL RH | C25: 631161181-220 | D25: 50 | E25: 0 | F25: 60 | H25: =MAX(((D25+E25)-F25),0) -> 0 | I25: =MAX(H25-(SUM(M25:R25)),0) -> 0 | J25: =SUM(M25:S25) -> 0 | K25: =SUM(T25:Z25) -> 0 | AD25: =SUM(T25:AC25) -> 0 | AE25: =T25-M25 -> 0 | AF25: =SUM(T25:U25)-SUM(M25:N25) -> 0 | AG25: =SUM(T25:V25)-SUM(M25:O25) -> 0 | AH25: =SUM(T25:Z25)-SUM(M25:P25) -> 0 | AI25: =SUM(T25:AA25)-SUM(M25:Q25) -> 0 | AJ25: =SUM(T25:AB25)-SUM(M25:R25) -> 0
A26: 542472700139 | B26: FR RUBRAIL LH | C26: 631161182-220 | D26: 50 | E26: 0 | F26: 40 | H26: =MAX(((D26+E26)-F26),0) -> 10 | I26: =MAX(H26-(SUM(M26:R26)),0) -> 10 | J26: =SUM(M26:S26) -> 0 | K26: =SUM(T26:Z26) -> 0 | AD26: =SUM(T26:AC26) -> 0 | AE26: =T26-M26 -> 0 | AF26: =SUM(T26:U26)-SUM(M26:N26) -> 0 | AG26: =SUM(T26:V26)-SUM(M26:O26) -> 0 | AH26: =SUM(T26:Z26)-SUM(M26:P26) -> 0 | AI26: =SUM(T26:AA26)-SUM(M26:Q26) -> 0 | AJ26: =SUM(T26:AB26)-SUM(M26:R26) -> 0
A27: 542473700124 | B27: RR RUBRAIL RH | C27: 631161191-220 | D27: 50 | E27: 0 | F27: 35 | H27: =MAX(((D27+E27)-F27),0) -> 15 | I27: =MAX(H27-(SUM(M27:R27)),0) -> 15 | J27: =SUM(M27:S27) -> 0 | K27: =SUM(T27:Z27) -> 0 | AD27: =SUM(T27:AC27) -> 0 | AE27: =T27-M27 -> 0 | AF27: =SUM(T27:U27)-SUM(M27:N27) -> 0 | AG27: =SUM(T27:V27)-SUM(M27:O27) -> 0 | AH27: =SUM(T27:Z27)-SUM(M27:P27) -> 0 | AI27: =SUM(T27:AA27)-SUM(M27:Q27) -> 0 | AJ27: =SUM(T27:AB27)-SUM(M27:R27) -> 0
A28: 542473700123 | B28: RR RUBRAIL LH | C28: 631161192-220 | D28: 50 | E28: 0 | F28: 36 | H28: =MAX(((D28+E28)-F28),0) -> 14 | I28: =MAX(H28-(SUM(M28:R28)),0) -> 14 | J28: =SUM(M28:S28) -> 0 | K28: =SUM(T28:Z28) -> 0 | AD28: =SUM(T28:AC28) -> 0 | AE28: =T28-M28 -> 0 | AF28: =SUM(T28:U28)-SUM(M28:N28) -> 0 | AG28: =SUM(T28:V28)-SUM(M28:O28) -> 0 | AH28: =SUM(T28:Z28)-SUM(M28:P28) -> 0 | AI28: =SUM(T28:AA28)-SUM(M28:Q28) -> 0 | AJ28: =SUM(T28:AB28)-SUM(M28:R28) -> 0
A29: 542488100121 | B29: FR WHEEL ARCH RH | C29: 631161201-220 | D29: 50 | E29: 0 | F29: 250 | H29: =MAX(((D29+E29)-F29),0) -> 0 | I29: =MAX(H29-(SUM(M29:R29)),0) -> 0 | J29: =SUM(M29:S29) -> 0 | K29: =SUM(T29:Z29) -> 0 | AD29: =SUM(T29:AC29) -> 0 | AE29: =T29-M29 -> 0 | AF29: =SUM(T29:U29)-SUM(M29:N29) -> 0 | AG29: =SUM(T29:V29)-SUM(M29:O29) -> 0 | AH29: =SUM(T29:Z29)-SUM(M29:P29) -> 0 | AI29: =SUM(T29:AA29)-SUM(M29:Q29) -> 0 | AJ29: =SUM(T29:AB29)-SUM(M29:R29) -> 0
A30: 542488100120 | B30: FR WHEEL ARCH LH | C30: 631161202-220 | D30: 50 | E30: 0 | F30: 50 | H30: =MAX(((D30+E30)-F30),0) -> 0 | I30: =MAX(H30-(SUM(M30:R30)),0) -> 0 | J30: =SUM(M30:S30) -> 0 | K30: =SUM(T30:Z30) -> 0 | AD30: =SUM(T30:AC30) -> 0 | AE30: =T30-M30 -> 0 | AF30: =SUM(T30:U30)-SUM(M30:N30) -> 0 | AG30: =SUM(T30:V30)-SUM(M30:O30) -> 0 | AH30: =SUM(T30:Z30)-SUM(M30:P30) -> 0 | AI30: =SUM(T30:AA30)-SUM(M30:Q30) -> 0 | AJ30: =SUM(T30:AB30)-SUM(M30:R30) -> 0
A31: 542488100123 | B31: RR WHEEL ARCH RH | C31: 631161211-220 | D31: 50 | E31: 0 | F31: 70 | H31: =MAX(((D31+E31)-F31),0) -> 0 | I31: =MAX(H31-(SUM(M31:R31)),0) -> 0 | J31: =SUM(M31:S31) -> 0 | K31: =SUM(T31:Z31) -> 0 | AD31: =SUM(T31:AC31) -> 0 | AE31: =T31-M31 -> 0 | AF31: =SUM(T31:U31)-SUM(M31:N31) -> 0 | AG31: =SUM(T31:V31)-SUM(M31:O31) -> 0 | AH31: =SUM(T31:Z31)-SUM(M31:P31) -> 0 | AI31: =SUM(T31:AA31)-SUM(M31:Q31) -> 0 | AJ31: =SUM(T31:AB31)-SUM(M31:R31) -> 0
A32: 542488100122 | B32: RR WHEEL ARCH LH | C32: 631161212-220 | D32: 50 | E32: 0 | F32: 30 | H32: =MAX(((D32+E32)-F32),0) -> 20 | I32: =MAX(H32-(SUM(M32:R32)),0) -> 20 | J32: =SUM(M32:S32) -> 0 | K32: =SUM(T32:Z32) -> 0 | AD32: =SUM(T32:AC32) -> 0 | AE32: =T32-M32 -> 0 | AF32: =SUM(T32:U32)-SUM(M32:N32) -> 0 | AG32: =SUM(T32:V32)-SUM(M32:O32) -> 0 | AH32: =SUM(T32:Z32)-SUM(M32:P32) -> 0 | AI32: =SUM(T32:AA32)-SUM(M32:Q32) -> 0 | AJ32: =SUM(T32:AB32)-SUM(M32:R32) -> 0
A33: 542490600102 | B33: ROOF RAIL RH | C33: 631122171-010 | D33: 50 | E33: 0 | F33: 40 | H33: =MAX(((D33+E33)-F33),0) -> 10 | I33: =MAX(H33-(SUM(M33:R33)),0) -> 10 | J33: =SUM(M33:S33) -> 0 | K33: =SUM(T33:Z33) -> 0 | AD33: =SUM(T33:AC33) -> 0 | AE33: =T33-M33 -> 0 | AF33: =SUM(T33:U33)-SUM(M33:N33) -> 0 | AG33: =SUM(T33:V33)-SUM(M33:O33) -> 0 | AH33: =SUM(T33:Z33)-SUM(M33:P33) -> 0 | AI33: =SUM(T33:AA33)-SUM(M33:Q33) -> 0 | AJ33: =SUM(T33:AB33)-SUM(M33:R33) -> 0
A34: 542490600101 | B34: ROOF RAIL LH | C34: 631122172-010 | D34: 50 | E34: 0 | F34: 40 | H34: =MAX(((D34+E34)-F34),0) -> 10 | I34: =MAX(H34-(SUM(M34:R34)),0) -> 10 | J34: =SUM(M34:S34) -> 0 | K34: =SUM(T34:Z34) -> 0 | AD34: =SUM(T34:AC34) -> 0 | AE34: =T34-M34 -> 0 | AF34: =SUM(T34:U34)-SUM(M34:N34) -> 0 | AG34: =SUM(T34:V34)-SUM(M34:O34) -> 0 | AH34: =SUM(T34:Z34)-SUM(M34:P34) -> 0 | AI34: =SUM(T34:AA34)-SUM(M34:Q34) -> 0 | AJ34: =SUM(T34:AB34)-SUM(M34:R34) -> 0
M35: 0.33333333 | N35: 0.41666667 | O35: 0.54166667 | P35: 0.625 | Q35: 0.70833333 | R35: 0.75 | T35: 0.39583333 | U35: 0.52083333 | V35: 0.6875 | W35: 0.79861111 | AD35: Actual | AE35: 0.27083333
A36: 546469500102ZX | B36: 102ZX | C36: 587136190-083 | D36: 80 | E36: 162 | F36: 96 | H36: =MAX(((D36+E36)-F36),0) -> 146 | I36: =MAX(H36-(SUM(M36:R36)),0) -> 0 | J36: =SUM(M36:S36) -> 240 | K36: =SUM(T36:Z36) -> 132 | M36: 32 | N36: 32 | O36: 32 | P36: 48 | Q36: 64 | R36: 32 | T36: 32 | U36: 32 | V36: 44 | W36: 24 | AD36: =SUM(T36:AC36) -> 132 | AE36: =T36-M36 -> 0 | AF36: =SUM(T36:U36)-SUM(M36:N36) -> 0 | AG36: =SUM(T36:V36)-SUM(M36:O36) -> 12 | AH36: =SUM(T36:Z36)-SUM(M36:P36) -> -12 | AI36: =SUM(T36:AA36)-SUM(M36:Q36) -> -76 | AJ36: =SUM(T36:AB36)-SUM(M36:R36) -> -108
A37: 546469500109ZY | B37: 109ZY | C37: 587136180-083 | D37: 32 | E37: 9 | F37: 28 | H37: =MAX(((D37+E37)-F37),0) -> 13 | I37: =MAX(H37-(SUM(M37:R37)),0) -> 0 | J37: =SUM(M37:S37) -> 16 | K37: =SUM(T37:Z37) -> 16 | R37: 16 | W37: 16 | AD37: =SUM(T37:AC37) -> 16 | AE37: =T37-M37 -> 0 | AF37: =SUM(T37:U37)-SUM(M37:N37) -> 0 | AG37: =SUM(T37:V37)-SUM(M37:O37) -> 0 | AH37: =SUM(T37:Z37)-SUM(M37:P37) -> 16 | AI37: =SUM(T37:AA37)-SUM(M37:Q37) -> 16 | AJ37: =SUM(T37:AB37)-SUM(M37:R37) -> 0
A38: 546469500114ZY | B38: 114ZY | C38: 587011990-083 | D38: 64 | E38: 238 | F38: 148 | H38: =MAX(((D38+E38)-F38),0) -> 154 | I38: =MAX(H38-(SUM(M38:R38)),0) -> 0 | J38: =SUM(M38:S38) -> 192 | K38: =SUM(T38:Z38) -> 84 | M38: 48 | N38: 32 | O38: 32 | P38: 48 | Q38: 32 | T38: 16 | U38: 24 | V38: 28 | W38: 16 | AD38: =SUM(T38:AC38) -> 84 | AE38: =T38-M38 -> -32 | AF38: =SUM(T38:U38)-SUM(M38:N38) -> -40 | AG38: =SUM(T38:V38)-SUM(M38:O38) -> -44 | AH38: =SUM(T38:Z38)-SUM(M38:P38) -> -76 | AI38: =SUM(T38:AA38)-SUM(M38:Q38) -> -108 | AJ38: =SUM(T38:AB38)-SUM(M38:R38) -> -108
A39: 546469500114ZZ | B39: 114ZZ | C39: 587011990-220 | D39: 32 | E39: 26 | F39: 46 | H39: =MAX(((D39+E39)-F39),0) -> 12 | I39: =MAX(H39-(SUM(M39:R39)),0) -> 0 | J39: =SUM(M39:S39) -> 16 | K39: =SUM(T39:Z39) -> 16 | R39: 16 | T39: 16 | AD39: =SUM(T39:AC39) -> 16 | AE39: =T39-M39 -> 16 | AF39: =SUM(T39:U39)-SUM(M39:N39) -> 16 | AG39: =SUM(T39:V39)-SUM(M39:O39) -> 16 | AH39: =SUM(T39:Z39)-SUM(M39:P39) -> 16 | AI39: =SUM(T39:AA39)-SUM(M39:Q39) -> 16 | AJ39: =SUM(T39:AB39)-SUM(M39:R39) -> 0
A40: 546469500102ZZ | B40: 102ZZ | C40: 587136190-220 | D40: 32 | E40: 41 | F40: 16 | H40: =MAX(((D40+E40)-F40),0) -> 57 | I40: =MAX(H40-(SUM(M40:R40)),0) -> 0 | J40: =SUM(M40:S40) -> 80 | K40: =SUM(T40:Z40) -> 48 | L40: - | M40: 16 | N40: 16 | O40: 32 | R40: 16 | T40: 16 | U40: 16 | W40: 16 | AD40: =SUM(T40:AC40) -> 48 | AE40: =T40-M40 -> 0 | AF40: =SUM(T40:U40)-SUM(M40:N40) -> 0 | AG40: =SUM(T40:V40)-SUM(M40:O40) -> -32 | AH40: =SUM(T40:Z40)-SUM(M40:P40) -> -16 | AI40: =SUM(T40:AA40)-SUM(M40:Q40) -> -16 | AJ40: =SUM(T40:AB40)-SUM(M40:R40) -> -32
A41: 546469500120ZY | B41: 120ZY | D41: 32 | E41: 3 | F41: 0 | H41: =MAX(((D41+E41)-F41),0) -> 35 | I41: =MAX(H41-(SUM(M41:R41)),0) -> 3 | J41: =SUM(M41:S41) -> 32 | K41: =SUM(T41:Z41) -> 0 | L41: - | N41: 16 | R41: 16 | AD41: =SUM(T41:AC41) -> 0 | AE41: =T41-M41 -> 0 | AF41: =SUM(T41:U41)-SUM(M41:N41) -> -16 | AG41: =SUM(T41:V41)-SUM(M41:O41) -> -16 | AH41: =SUM(T41:Z41)-SUM(M41:P41) -> -16 | AI41: =SUM(T41:AA41)-SUM(M41:Q41) -> -16 | AJ41: =SUM(T41:AB41)-SUM(M41:R41) -> -32
A45: 27
A46: 32
A47: 16
A48: 12
A49: 21

Sheet 20-Sep
C1: 45920 | H1: Vehicle Trip Plan | O1: Actual Dispatch
H2: T-1 | I2: T-2 | J2: T-3 | K2: T-4 | L2: T-5 | M2: T-6 | N2: T-7 | O2: T-1 | P2: T-2 | Q2: T-3 | R2: T-4 | S2: T-5 | T2: T-6 | U2: T-7 | V2: T-8
A3: Customer Part No. | B3: Description | C3: Material Code | D3: Customer's Todays Plan | E3: Vehicle No | F3: Total Plan | G3: Total Actual | H3: ='8-Sep'!M4 -> 0 | I3: ='8-Sep'!N4 -> 0 | J3: ='8-Sep'!O4 -> 0 | K3: ='8-Sep'!P4 -> 0 | L3: ='8-Sep'!Q4 -> 0 | M3: ='8-Sep'!R4 -> 0 | N3: ='8-Sep'!S4 -> 0 | O3: ='8-Sep'!T4 -> 0 | ... U3: ='8-Sep'!Z4 -> 0
E4: Intime
E5: Out Time
E6: CE open STK | H6: 0.25 | I6: 0.3125 | J6: 0.38888889 | K6: 0.5 | L6: 0.625 | M6: 0.75
A7: 542468900289ZZ | B7: Cluster GB | C7: 753000360-200 | D7: 40 | E7: 76 | F7: =SUM(H7:N7) -> 96 | G7: =SUM(O7:U7) -> 0 | K7: 96
A8: 542468900289ZV | B8: Cluster ULS | C8: 753000360-324 | D8: 285 | E8: 320 | F8: =SUM(H8:N8) -> 96 | G8: =SUM(O8:U8) -> 0 | J8: 96
A9: 542468900289ZQ | B9: Cluster Titan Brown | C9: 753000360-011 | D9: 48 | E9: 86 | F9: =SUM(H9:N9) -> 0 | G9: =SUM(O9:U9) -> 0
A10: 542468910103CC | B10: Console LLG | C10: 753000370-009 | D10: 21 | E10: 121 | F10: =SUM(H10:N10) -> 0 | G10: =SUM(O10:U10) -> 0
A11: 542468910103D1 | B11: Console KLG | C11: 753000370-452 | D11: 92 | E11: 188 | F11: =SUM(H11:N11) -> 130 | G11: =SUM(O11:U11) -> 0 | J11: 130
A12: 542569500104D1 | B12: HMSL KLG | C12: 630131090-452 | D12: 20 | E12: 280 | F12: =SUM(H12:N12) -> 0 | G12: =SUM(O12:U12) -> 0
A13: 542569500104CC | B13: HMSL LLG | C13: 630131090 | D13: 48 | E13: 56 | F13: =SUM(H13:N13) -> 140 | G13: =SUM(O13:U13) -> 0 | J13: 140
A14: 542469500102D1 | B14: 102D1 | C14: 586118320-083 | D14: 10 | E14: 25 | F14: =SUM(H14:N14) -> 42 | G14: =SUM(O14:U14) -> 0 | I14: 14 | L14: 14 | M14: 14
A15: 542469500118D1 | B15: 118D1 | C15: 586688560-083 | D15: 59 | E15: 31 | F15: =SUM(H15:N15) -> 56 | G15: =SUM(O15:U15) -> 0 | J15: 14 | K15: 14 | L15: 14 | M15: 14
A16: 542469500119D1 | B16: 119D1 | C16: 586688570-083 | D16: 111 | E16: 101 | F16: =SUM(H16:N16) -> 182 | G16: =SUM(O16:U16) -> 0 | H16: 28 | I16: 28 | J16: 28 | K16: 28 | L16: 42 | M16: 28
A17: 542469500120D1 | B17: 120D1 | C17: 586450180-083 | D17: 22 | E17: 23 | F17: =SUM(H17:N17) -> 28 | G17: =SUM(O17:U17) -> 0 | H17: 14 | M17: 14
A18: 546769500115D1 | B18: 115D1 | C18: 586688580-083 | D18: 0 | E18: 0 | F18: =SUM(H18:N18) -> 0 | G18: =SUM(O18:U18) -> 0
A19: 546769500133D1 | B19: 133D1 | C19: 586688590-083 | D19: 14 | E19: 24 | F19: =SUM(H19:N19) -> 14 | G19: =SUM(O19:U19) -> 0 | K19: 14
A20: 546769500134D1 | B20: 134D1 | C20: 586688600-083 | D20: 74 | E20: 2 | F20: =SUM(H20:N20) -> 98 | G20: =SUM(O20:U20) -> 0 | H20: 14 | I20: 28 | J20: 14 | K20: 14 | L20: 14 | M20: 14
A21: 546769500135D1 | B21: 135D1 | C21: 586688610-083 | D21: 35 | E21: 38 | F21: =SUM(H21:N21) -> 28 | G21: =SUM(O21:U21) -> 0 | J21: 14 | K21: 14
A22: Customer Part No. | B22: Description | C22: Material Code | D22: Customer's Todays Plan | E22: CE open STK | F22: Total Plan | G22: Total Actual | H22: Vehicle Trip Plan | O22: Actual Dispatch
H23: T-1 | I23: T-2 | J23: T-3 | K23: T-4 | L23: T-5 | M23: T-6 | N23: T-7 | O23: T-1 | P23: T-2 | Q23: T-3 | R23: T-4 | S23: T-5 | T23: T-6 | U23: T-7
H24: 0.33333333 | I24: 0.41666667 | J24: 0.5 | K24: 0.58333333 | L24: 0.66666667
A25: 546469500102ZX | B25: 102ZX | C25: 587136190-083 | D25: 169 | E25: 98 | F25: =SUM(H25:N25) -> 176 | H25: 48 | I25: 32 | J25: 32 | K25: 48 | L25: 16 | T25: =VLOOKUP($A25,'8-Sep'!$A$3:$Z$45,25,0) -> 0 | U25: =VLOOKUP($A25,'8-Sep'!$A$3:$Z$45,26,0) -> 0 | W25: =SUM(O25:V25) -> 0
A26: 546469500109ZY | B26: 109ZY | C26: 587136180-083 | D26: 42 | E26: 44 | F26: =SUM(H26:N26) -> 16 | G26: =SUM(O26:U26) -> 0 | J26: 16 | T26: =VLOOKUP($A26,'8-Sep'!$A$3:$Z$45,25,0) -> 0 | U26: =VLOOKUP($A26,'8-Sep'!$A$3:$Z$45,26,0) -> 0 | W26: =SUM(O26:V26) -> 0
A27: 546469500114ZY | B27: 114ZY | C27: 587011990-083 | D27: 185 | E27: 124 | F27: =SUM(H27:N27) -> 160 | G27: =SUM(O27:U27) -> 0 | H27: 48 | I27: 32 | J27: 32 | K27: 16 | L27: 32 | T27: =VLOOKUP($A27,'8-Sep'!$A$3:$Z$45,25,0) -> 0 | U27: =VLOOKUP($A27,'8-Sep'!$A$3:$Z$45,26,0) -> 0 | W27: =SUM(O27:V27) -> 0
A28: 546469500114ZZ | B28: 114ZZ | C28: 587011990-220 | D28: 25 | E28: 44 | F28: =SUM(H28:N28) -> 64 | G28: =SUM(O28:U28) -> 0 | J28: 32 | K28: 32 | T28: =VLOOKUP($A28,'8-Sep'!$A$3:$Z$45,25,0) -> 0 | U28: =VLOOKUP($A28,'8-Sep'!$A$3:$Z$45,26,0) -> 0 | W28: =SUM(O28:V28) -> 0
A29: 546469500102ZZ | B29: 102ZZ | C29: 587136190-220 | D29: 60 | E29: 53 | F29: =SUM(H29:N29) -> 64 | G29: =SUM(O29:U29) -> 0 | I29: 16 | K29: 16 | L29: 32 | T29: =VLOOKUP($A29,'8-Sep'!$A$3:$Z$45,25,0) -> 0 | U29: =VLOOKUP($A29,'8-Sep'!$A$3:$Z$45,26,0) -> 0 | W29: =SUM(O29:V29) -> 0
A30: 546469500120ZY | B30: 120ZY | C30: 587136190-220 | D30: 3 | E30: 0 | F30: =SUM(H30:N30) -> 32 | I30: 16 | L30: 16

Sheet 20092025
F1: 45920 | M1: Vehicle Trip Plan | T1: Actual Dispatch | AE1: GAP
M2: T-1 | N2: T-2 | O2: T-3 | P2: T-4 | Q2: T-5 | R2: T-6 | T2: T-1 | U2: T-2 | V2: T-3 | W2: T-4 | X2: T-5 | Y2: T-6 | Z2: T-7 | AA2: T-8 | AB2: T=9 | AD2: Vehicle No. | AE2: T-1 | AF2: T-2 | AG2: T-3 | AH2: T-4 | AI2: T-5 | AJ2: T-6
A3: Customer Part No. | B3: Description | C3: Material Code | D3: Stocking Norm | E3: Customer's Todays Plan | F3: Stock at Customer End | G3: Stock on Wheel | H3: Dispatch Requirement | I3: Short against Requirement | J3: Total Plan | K3: Total Actual | L3: No Of Trolley | M3: 6 | N3: 6 | O3: 6 | P3: 6 | Q3: 6 | R3: 6 | S3: =SUM(M3:R3) -> 36 | T3: 6 | U3: 3 | V3: 5 | W3: 4 | X3: 5 | Y3: 5 | AC3: =SUM(T3:AB3) -> 28 | AE3: =T3-M3 -> 0 | AF3: =SUM(T3:U3)-SUM(M3:N3) -> -3 | AG3: =SUM(T3:V3)-SUM(M3:O3) -> -4 | AH3: =SUM(T3:Z3)-SUM(M3:P3) -> 4 | AI3: =SUM(T3:AA3)-SUM(M3:Q3) -> -2 | AJ3: =SUM(T3:AB3)-SUM(M3:R3) -> -8
L4: Vehicle No | AD4: Out Time
AD5: In time
L6: Time | M6: 0.25 | N6: 0.3125 | O6: 0.38888889 | P6: 0.5 | Q6: 0.625 | R6: 0.75 | AD6: Actual | AE6: 0.27083333 | AF6: 0.29166667 | AG6: 0.40625 | AH6: 0.46875 | AI6: 0.61458333
A7: 542468900289ZZ | B7: Cluster GB | C7: 753000360-200 | D7: 184 | E7: 11 | F7: 90 | H7: =MAX(((D7+E7)-F7),0) -> 105 | I7: =MAX(H7-(SUM(M7:R7)),0) -> 9 | J7: =SUM(M7:S7) -> 96 | K7: =SUM(T7:Z7) -> 0 | P7: 96 | AD7: =SUM(T7:AC7) -> 0 | AE7: =T7-M7 -> 0 | AF7: =SUM(T7:U7)-SUM(M7:N7) -> 0 | AG7: =SUM(T7:V7)-SUM(M7:O7) -> 0 | AH7: =SUM(T7:Z7)-SUM(M7:P7) -> -96 | AI7: =SUM(T7:AA7)-SUM(M7:Q7) -> -96 | AJ7: =SUM(T7:AB7)-SUM(M7:R7) -> -96
A8: 542468900289ZV | B8: Cluster ULS | C8: 753000360-324 | D8: 199 | E8: 349 | F8: 250 | H8: =MAX(((D8+E8)-F8),0) -> 298 | I8: =MAX(H8-(SUM(M8:R8)),0) -> 0 | J8: =SUM(M8:S8) -> 384 | K8: =SUM(T8:Z8) -> 0 | O8: 96 | P8: 96 | Q8: 96 | R8: 96 | AD8: =SUM(T8:AC8) -> 0 | AE8: =T8-M8 -> 0 | AF8: =SUM(T8:U8)-SUM(M8:N8) -> 0 | AG8: =SUM(T8:V8)-SUM(M8:O8) -> -96 | AH8: =SUM(T8:Z8)-SUM(M8:P8) -> -192 | AI8: =SUM(T8:AA8)-SUM(M8:Q8) -> -288 | AJ8: =SUM(T8:AB8)-SUM(M8:R8) -> -384
A9: 542468900289ZQ | B9: Cluster Titan Brown | C9: 753000360-011 | D9: 120 | E9: 40 | F9: 130 | H9: =MAX(((D9+E9)-F9),0) -> 30 | I9: =MAX(H9-(SUM(M9:R9)),0) -> 0 | J9: =SUM(M9:S9) -> 96 | K9: =SUM(T9:Z9) -> 0 | Q9: 96 | AD9: =SUM(T9:AC9) -> 0 | AE9: =T9-M9 -> 0 | AF9: =SUM(T9:U9)-SUM(M9:N9) -> 0 | AG9: =SUM(T9:V9)-SUM(M9:O9) -> 0 | AH9: =SUM(T9:Z9)-SUM(M9:P9) -> 0 | AI9: =SUM(T9:AA9)-SUM(M9:Q9) -> -96 | AJ9: =SUM(T9:AB9)-SUM(M9:R9) -> -96
A10: 542468910103CC | B10: Console LLG | C10: 753000370-009 | D10: 130 | E10: 17 | F10: 140 | H10: =MAX(((D10+E10)-F10),0) -> 7 | I10: =MAX(H10-(SUM(M10:R10)),0) -> 7 | J10: =SUM(M10:S10) -> 0 | K10: =SUM(T10:Z10) -> 0 | AD10: =SUM(T10:AC10) -> 0 | AE10: =T10-M10 -> 0 | AF10: =SUM(T10:U10)-SUM(M10:N10) -> 0 | AG10: =SUM(T10:V10)-SUM(M10:O10) -> 0 | AH10: =SUM(T10:Z10)-SUM(M10:P10) -> 0 | AI10: =SUM(T10:AA10)-SUM(M10:Q10) -> 0 | AJ10: =SUM(T10:AB10)-SUM(M10:R10) -> 0
A11: 542468910103D1 | B11: Console KLG | C11: 753000370-452 | D11: 260 | E11: 221 | F11: 370 | H11: =MAX(((D11+E11)-F11),0) -> 111 | I11: =MAX(H11-(SUM(M11:R11)),0) -> 0 | J11: =SUM(M11:S11) -> 130 | K11: =SUM(T11:Z11) -> 0 | O11: 130 | AD11: =SUM(T11:AC11) -> 0 | AE11: =T11-M11 -> 0 | AF11: =SUM(T11:U11)-SUM(M11:N11) -> 0 | AG11: =SUM(T11:V11)-SUM(M11:O11) -> -130 | AH11: =SUM(T11:Z11)-SUM(M11:P11) -> -130 | AI11: =SUM(T11:AA11)-SUM(M11:Q11) -> -130 | AJ11: =SUM(T11:AB11)-SUM(M11:R11) -> -130
A12: 542569500104D1 | B12: HMSL KLG | C12: 630131090-452 | D12: 140 | E12: 0 | F12: 280 | H12: =MAX(((D12+E12)-F12),0) -> 0 | I12: =MAX(H12-(SUM(M12:R12)),0) -> 0 | J12: =SUM(M12:S12) -> 0 | K12: =SUM(T12:Z12) -> 0 | AD12: =SUM(T12:AC12) -> 0 | AE12: =T12-M12 -> 0 | AF12: =SUM(T12:U12)-SUM(M12:N12) -> 0 | AG12: =SUM(T12:V12)-SUM(M12:O12) -> 0 | AH12: =SUM(T12:Z12)-SUM(M12:P12) -> 0 | AI12: =SUM(T12:AA12)-SUM(M12:Q12) -> 0 | AJ12: =SUM(T12:AB12)-SUM(M12:R12) -> 0
A13: 542569500104CC | B13: HMSL LLG | C13: 630131090 | D13: 140 | E13: 40 | F13: 100 | H13: =MAX(((D13+E13)-F13),0) -> 80 | I13: =MAX(H13-(SUM(M13:R13)),0) -> 0 | J13: =SUM(M13:S13) -> 140 | K13: =SUM(T13:Z13) -> 0 | O13: 140 | AD13: =SUM(T13:AC13) -> 0 | AE13: =T13-M13 -> 0 | AF13: =SUM(T13:U13)-SUM(M13:N13) -> 0 | AG13: =SUM(T13:V13)-SUM(M13:O13) -> -140 | AH13: =SUM(T13:Z13)-SUM(M13:P13) -> -140 | AI13: =SUM(T13:AA13)-SUM(M13:Q13) -> -140 | AJ13: =SUM(T13:AB13)-SUM(M13:R13) -> -140
A14: 542469500102D1 | B14: 102D1 | C14: 586118320-083 | D14: 42 | E14: 49 | F14: 40 | H14: =MAX(((D14+E14)-F14),0) -> 51 | I14: =MAX(H14-(SUM(M14:R14)),0) -> 9 | J14: =SUM(M14:S14) -> 42 | K14: =SUM(T14:Z14) -> 0 | N14: 14 | Q14: 14 | R14: 14 | AD14: =SUM(T14:AC14) -> 0 | AE14: =T14-M14 -> 0 | AF14: =SUM(T14:U14)-SUM(M14:N14) -> -14 | AG14: =SUM(T14:V14)-SUM(M14:O14) -> -14 | AH14: =SUM(T14:Z14)-SUM(M14:P14) -> -14 | AI14: =SUM(T14:AA14)-SUM(M14:Q14) -> -28 | AJ14: =SUM(T14:AB14)-SUM(M14:R14) -> -42
A15: 542469500118D1 | B15: 118D1 | C15: 586688560-083 | D15: 28 | E15: 8 | F15: 38 | H15: =MAX(((D15+E15)-F15),0) -> 0 | I15: =MAX(H15-(SUM(M15:R15)),0) -> 0 | J15: =SUM(M15:S15) -> 56 | K15: =SUM(T15:Z15) -> 0 | O15: 14 | P15: 14 | Q15: 14 | R15: 14 | AD15: =SUM(T15:AC15) -> 0 | AE15: =T15-M15 -> 0 | AF15: =SUM(T15:U15)-SUM(M15:N15) -> 0 | AG15: =SUM(T15:V15)-SUM(M15:O15) -> -14 | AH15: =SUM(T15:Z15)-SUM(M15:P15) -> -28 | AI15: =SUM(T15:AA15)-SUM(M15:Q15) -> -42 | AJ15: =SUM(T15:AB15)-SUM(M15:R15) -> -56
A16: 542469500119D1 | B16: 119D1 | C16: 586688570-083 | D16: 84 | E16: 209 | F16: 90 | H16: =MAX(((D16+E16)-F16),0) -> 203 | I16: =MAX(H16-(SUM(M16:R16)),0) -> 21 | J16: =SUM(M16:S16) -> 182 | K16: =SUM(T16:Z16) -> 0 | M16: 28 | N16: 28 | O16: 28 | P16: 28 | Q16: 42 | R16: 28 | AD16: =SUM(T16:AC16) -> 0 | AE16: =T16-M16 -> -28 | AF16: =SUM(T16:U16)-SUM(M16:N16) -> -56 | AG16: =SUM(T16:V16)-SUM(M16:O16) -> -84 | AH16: =SUM(T16:Z16)-SUM(M16:P16) -> -112 | AI16: =SUM(T16:AA16)-SUM(M16:Q16) -> -154 | AJ16: =SUM(T16:AB16)-SUM(M16:R16) -> -182
A17: 542469500120D1 | B17: 120D1 | C17: 586450180-083 | D17: 28 | E17: 44 | F17: 38 | H17: =MAX(((D17+E17)-F17),0) -> 34 | I17: =MAX(H17-(SUM(M17:R17)),0) -> 6 | J17: =SUM(M17:S17) -> 28 | K17: =SUM(T17:Z17) -> 0 | M17: 14 | R17: 14 | AD17: =SUM(T17:AC17) -> 0 | AE17: =T17-M17 -> -14 | AF17: =SUM(T17:U17)-SUM(M17:N17) -> -14 | AG17: =SUM(T17:V17)-SUM(M17:O17) -> -14 | AH17: =SUM(T17:Z17)-SUM(M17:P17) -> -14 | AI17: =SUM(T17:AA17)-SUM(M17:Q17) -> -14 | AJ17: =SUM(T17:AB17)-SUM(M17:R17) -> -28
A18: 546769500115D1 | B18: 115D1 | C18: 586688580-083 | D18: 0 | E18: 0 | F18: 0 | H18: =MAX(((D18+E18)-F18),0) -> 0 | I18: =MAX(H18-(SUM(M18:R18)),0) -> 0 | J18: =SUM(M18:S18) -> 0 | K18: =SUM(T18:Z18) -> 0 | AD18: =SUM(T18:AC18) -> 0 | AE18: =T18-M18 -> 0 | AF18: =SUM(T18:U18)-SUM(M18:N18) -> 0 | AG18: =SUM(T18:V18)-SUM(M18:O18) -> 0 | AH18: =SUM(T18:Z18)-SUM(M18:P18) -> 0 | AI18: =SUM(T18:AA18)-SUM(M18:Q18) -> 0 | AJ18: =SUM(T18:AB18)-SUM(M18:R18) -> 0
A19: 546769500133D1 | B19: 133D1 | C19: 586688590-083 | D19: 28 | E19: 0 | F19: 24 | H19: =MAX(((D19+E19)-F19),0) -> 4 | I19: =MAX(H19-(SUM(M19:R19)),0) -> 0 | J19: =SUM(M19:S19) -> 14 | K19: =SUM(T19:Z19) -> 0 | P19: 14 | AD19: =SUM(T19:AC19) -> 0 | AE19: =T19-M19 -> 0 | AF19: =SUM(T19:U19)-SUM(M19:N19) -> 0 | AG19: =SUM(T19:V19)-SUM(M19:O19) -> 0 | AH19: =SUM(T19:Z19)-SUM(M19:P19) -> -14 | AI19: =SUM(T19:AA19)-SUM(M19:Q19) -> -14 | AJ19: =SUM(T19:AB19)-SUM(M19:R19) -> -14
A20: 546769500134D1 | B20: 134D1 | C20: 586688600-083 | D20: 28 | E20: 38 | F20: 38 | H20: =MAX(((D20+E20)-F20),0) -> 28 | I20: =MAX(H20-(SUM(M20:R20)),0) -> 0 | J20: =SUM(M20:S20) -> 98 | K20: =SUM(T20:Z20) -> 0 | M20: 14 | N20: 28 | O20: 14 | P20: 14 | Q20: 14 | R20: 14 | AD20: =SUM(T20:AC20) -> 0 | AE20: =T20-M20 -> -14 | AF20: =SUM(T20:U20)-SUM(M20:N20) -> -42 | AG20: =SUM(T20:V20)-SUM(M20:O20) -> -56 | AH20: =SUM(T20:Z20)-SUM(M20:P20) -> -70 | AI20: =SUM(T20:AA20)-SUM(M20:Q20) -> -84 | AJ20: =SUM(T20:AB20)-SUM(M20:R20) -> -98
A21: 546769500135D1 | B21: 135D1 | C21: 586688610-083 | D21: 28 | E21: 12 | F21: 38 | H21: =MAX(((D21+E21)-F21),0) -> 2 | I21: =MAX(H21-(SUM(M21:R21)),0) -> 0 | J21: =SUM(M21:S21) -> 28 | K21: =SUM(T21:Z21) -> 0 | O21: 14 | P21: 14 | AD21: =SUM(T21:AC21) -> 0 | AE21: =T21-M21 -> 0 | AF21: =SUM(T21:U21)-SUM(M21:N21) -> 0 | AG21: =SUM(T21:V21)-SUM(M21:O21) -> -14 | AH21: =SUM(T21:Z21)-SUM(M21:P21) -> -28 | AI21: =SUM(T21:AA21)-SUM(M21:Q21) -> -28 | AJ21: =SUM(T21:AB21)-SUM(M21:R21) -> -28
A22: 542474700122 | B22: TAIL GATE | C22: 631161170-220 | D22: 50 | E22: 0 | F22: 55 | H22: =MAX(((D22+E22)-F22),0) -> 0 | I22: =MAX(H22-(SUM(M22:R22)),0) -> 0 | J22: =SUM(M22:S22) -> 0 | K22: =SUM(T22:Z22) -> 0 | AD22: =SUM(T22:AC22) -> 0 | AE22: =T22-M22 -> 0 | AF22: =SUM(T22:U22)-SUM(M22:N22) -> 0 | AG22: =SUM(T22:V22)-SUM(M22:O22) -> 0 | AH22: =SUM(T22:Z22)-SUM(M22:P22) -> 0 | AI22: =SUM(T22:AA22)-SUM(M22:Q22) -> 0 | AJ22: =SUM(T22:AB22)-SUM(M22:R22) -> 0
A23: 542463700115 | B23: SIDE RH | C23: 631161221-220 | D23: 50 | E23: 0 | F23: 60 | H23: =MAX(((D23+E23)-F23),0) -> 0 | I23: =MAX(H23-(SUM(M23:R23)),0) -> 0 | J23: =SUM(M23:S23) -> 0 | K23: =SUM(T23:Z23) -> 0 | AD23: =SUM(T23:AC23) -> 0 | AE23: =T23-M23 -> 0 | AF23: =SUM(T23:U23)-SUM(M23:N23) -> 0 | AG23: =SUM(T23:V23)-SUM(M23:O23) -> 0 | AH23: =SUM(T23:Z23)-SUM(M23:P23) -> 0 | AI23: =SUM(T23:AA23)-SUM(M23:Q23) -> 0 | AJ23: =SUM(T23:AB23)-SUM(M23:R23) -> 0
A24: 542463700114 | B24: SIDE LH | C24: 631161222-220 | D24: 50 | E24: 0 | F24: 42 | H24: =MAX(((D24+E24)-F24),0) -> 8 | I24: =MAX(H24-(SUM(M24:R24)),0) -> 8 | J24: =SUM(M24:S24) -> 0 | K24: =SUM(T24:Z24) -> 0 | AD24: =SUM(T24:AC24) -> 0 | AE24: =T24-M24 -> 0 | AF24: =SUM(T24:U24)-SUM(M24:N24) -> 0 | AG24: =SUM(T24:V24)-SUM(M24:O24) -> 0 | AH24: =SUM(T24:Z24)-SUM(M24:P24) -> 0 | AI24: =SUM(T24:AA24)-SUM(M24:Q24) -> 0 | AJ24: =SUM(T24:AB24)-SUM(M24:R24) -> 0
A25: 542472700140 | B25: FR RUBRAIL RH | C25: 631161181-220 | D25: 50 | E25: 0 | F25: 60 | H25: =MAX(((D25+E25)-F25),0) -> 0 | I25: =MAX(H25-(SUM(M25:R25)),0) -> 0 | J25: =SUM(M25:S25) -> 0 | K25: =SUM(T25:Z25) -> 0 | AD25: =SUM(T25:AC25) -> 0 | AE25: =T25-M25 -> 0 | AF25: =SUM(T25:U25)-SUM(M25:N25) -> 0 | AG25: =SUM(T25:V25)-SUM(M25:O25) -> 0 | AH25: =SUM(T25:Z25)-SUM(M25:P25) -> 0 | AI25: =SUM(T25:AA25)-SUM(M25:Q25) -> 0 | AJ25: =SUM(T25:AB25)-SUM(M25:R25) -> 0
A26: 542472700139 | B26: FR RUBRAIL LH | C26: 631161182-220 | D26: 50 | E26: 0 | F26: 40 | H26: =MAX(((D26+E26)-F26),0) -> 10 | I26: =MAX(H26-(SUM(M26:R26)),0) -> 10 | J26: =SUM(M26:S26) -> 0 | K26: =SUM(T26:Z26) -> 0 | AD26: =SUM(T26:AC26) -> 0 | AE26: =T26-M26 -> 0 | AF26: =SUM(T26:U26)-SUM(M26:N26) -> 0 | AG26: =SUM(T26:V26)-SUM(M26:O26) -> 0 | AH26: =SUM(T26:Z26)-SUM(M26:P26) -> 0 | AI26: =SUM(T26:AA26)-SUM(M26:Q26) -> 0 | AJ26: =SUM(T26:AB26)-SUM(M26:R26) -> 0
A27: 542473700124 | B27: RR RUBRAIL RH | C27: 631161191-220 | D27: 50 | E27: 0 | F27: 35 | H27: =MAX(((D27+E27)-F27),0) -> 15 | I27: =MAX(H27-(SUM(M27:R27)),0) -> 15 | J27: =SUM(M27:S27) -> 0 | K27: =SUM(T27:Z27) -> 0 | AD27: =SUM(T27:AC27) -> 0 | AE27: =T27-M27 -> 0 | AF27: =SUM(T27:U27)-SUM(M27:N27) -> 0 | AG27: =SUM(T27:V27)-SUM(M27:O27) -> 0 | AH27: =SUM(T27:Z27)-SUM(M27:P27) -> 0 | AI27: =SUM(T27:AA27)-SUM(M27:Q27) -> 0 | AJ27: =SUM(T27:AB27)-SUM(M27:R27) -> 0
A28: 542473700123 | B28: RR RUBRAIL LH | C28: 631161192-220 | D28: 50 | E28: 0 | F28: 36 | H28: =MAX(((D28+E28)-F28),0) -> 14 | I28: =MAX(H28-(SUM(M28:R28)),0) -> 14 | J28: =SUM(M28:S28) -> 0 | K28: =SUM(T28:Z28) -> 0 | AD28: =SUM(T28:AC28) -> 0 | AE28: =T28-M28 -> 0 | AF28: =SUM(T28:U28)-SUM(M28:N28) -> 0 | AG28: =SUM(T28:V28)-SUM(M28:O28) -> 0 | AH28: =SUM(T28:Z28)-SUM(M28:P28) -> 0 | AI28: =SUM(T28:AA28)-SUM(M28:Q28) -> 0 | AJ28: =SUM(T28:AB28)-SUM(M28:R28) -> 0
A29: 542488100121 | B29: FR WHEEL ARCH RH | C29: 631161201-220 | D29: 50 | E29: 0 | F29: 250 | H29: =MAX(((D29+E29)-F29),0) -> 0 | I29: =MAX(H29-(SUM(M29:R29)),0) -> 0 | J29: =SUM(M29:S29) -> 0 | K29: =SUM(T29:Z29) -> 0 | AD29: =SUM(T29:AC29) -> 0 | AE29: =T29-M29 -> 0 | AF29: =SUM(T29:U29)-SUM(M29:N29) -> 0 | AG29: =SUM(T29:V29)-SUM(M29:O29) -> 0 | AH29: =SUM(T29:Z29)-SUM(M29:P29) -> 0 | AI29: =SUM(T29:AA29)-SUM(M29:Q29) -> 0 | AJ29: =SUM(T29:AB29)-SUM(M29:R29) -> 0
A30: 542488100120 | B30: FR WHEEL ARCH LH | C30: 631161202-220 | D30: 50 | E30: 0 | F30: 50 | H30: =MAX(((D30+E30)-F30),0) -> 0 | I30: =MAX(H30-(SUM(M30:R30)),0) -> 0 | J30: =SUM(M30:S30) -> 0 | K30: =SUM(T30:Z30) -> 0 | AD30: =SUM(T30:AC30) -> 0 | AE30: =T30-M30 -> 0 | AF30: =SUM(T30:U30)-SUM(M30:N30) -> 0 | AG30: =SUM(T30:V30)-SUM(M30:O30) -> 0 | AH30: =SUM(T30:Z30)-SUM(M30:P30) -> 0 | AI30: =SUM(T30:AA30)-SUM(M30:Q30) -> 0 | AJ30: =SUM(T30:AB30)-SUM(M30:R30) -> 0
A31: 542488100123 | B31: RR WHEEL ARCH RH | C31: 631161211-220 | D31: 50 | E31: 0 | F31: 70 | H31: =MAX(((D31+E31)-F31),0) -> 0 | I31: =MAX(H31-(SUM(M31:R31)),0) -> 0 | J31: =SUM(M31:S31) -> 0 | K31: =SUM(T31:Z31) -> 0 | AD31: =SUM(T31:AC31) -> 0 | AE31: =T31-M31 -> 0 | AF31: =SUM(T31:U31)-SUM(M31:N31) -> 0 | AG31: =SUM(T31:V31)-SUM(M31:O31) -> 0 | AH31: =SUM(T31:Z31)-SUM(M31:P31) -> 0 | AI31: =SUM(T31:AA31)-SUM(M31:Q31) -> 0 | AJ31: =SUM(T31:AB31)-SUM(M31:R31) -> 0
A32: 542488100122 | B32: RR WHEEL ARCH LH | C32: 631161212-220 | D32: 50 | E32: 0 | F32: 30 | H32: =MAX(((D32+E32)-F32),0) -> 20 | I32: =MAX(H32-(SUM(M32:R32)),0) -> 20 | J32: =SUM(M32:S32) -> 0 | K32: =SUM(T32:Z32) -> 0 | AD32: =SUM(T32:AC32) -> 0 | AE32: =T32-M32 -> 0 | AF32: =SUM(T32:U32)-SUM(M32:N32) -> 0 | AG32: =SUM(T32:V32)-SUM(M32:O32) -> 0 | AH32: =SUM(T32:Z32)-SUM(M32:P32) -> 0 | AI32: =SUM(T32:AA32)-SUM(M32:Q32) -> 0 | AJ32: =SUM(T32:AB32)-SUM(M32:R32) -> 0
A33: 542490600102 | B33: ROOF RAIL RH | C33: 631122171-010 | D33: 50 | E33: 0 | F33: 40 | H33: =MAX(((D33+E33)-F33),0) -> 10 | I33: =MAX(H33-(SUM(M33:R33)),0) -> 10 | J33: =SUM(M33:S33) -> 0 | K33: =SUM(T33:Z33) -> 0 | AD33: =SUM(T33:AC33) -> 0 | AE33: =T33-M33 -> 0 | AF33: =SUM(T33:U33)-SUM(M33:N33) -> 0 | AG33: =SUM(T33:V33)-SUM(M33:O33) -> 0 | AH33: =SUM(T33:Z33)-SUM(M33:P33) -> 0 | AI33: =SUM(T33:AA33)-SUM(M33:Q33) -> 0 | AJ33: =SUM(T33:AB33)-SUM(M33:R33) -> 0
A34: 542490600101 | B34: ROOF RAIL LH | C34: 631122172-010 | D34: 50 | E34: 0 | F34: 40 | H34: =MAX(((D34+E34)-F34),0) -> 10 | I34: =MAX(H34-(SUM(M34:R34)),0) -> 10 | J34: =SUM(M34:S34) -> 0 | K34: =SUM(T34:Z34) -> 0 | AD34: =SUM(T34:AC34) -> 0 | AE34: =T34-M34 -> 0 | AF34: =SUM(T34:U34)-SUM(M34:N34) -> 0 | AG34: =SUM(T34:V34)-SUM(M34:O34) -> 0 | AH34: =SUM(T34:Z34)-SUM(M34:P34) -> 0 | AI34: =SUM(T34:AA34)-SUM(M34:Q34) -> 0 | AJ34: =SUM(T34:AB34)-SUM(M34:R34) -> 0
M35: 0.33333333 | N35: 0.41666667 | O35: 0.5 | P35: 0.58333333 | Q35: 0.66666667 | AD35: Actual | AE35: 0.27083333
A36: 546469500102ZX | B36: 102ZX | C36: 587136190-083 | D36: 80 | E36: 162 | F36: 96 | H36: =MAX(((D36+E36)-F36),0) -> 146 | I36: =MAX(H36-(SUM(M36:R36)),0) -> 0 | J36: =SUM(M36:S36) -> 176 | K36: =SUM(T36:Z36) -> 0 | M36: 48 | N36: 32 | O36: 32 | P36: 48 | Q36: 16 | AD36: =SUM(T36:AC36) -> 0 | AE36: =T36-M36 -> -48 | AF36: =SUM(T36:U36)-SUM(M36:N36) -> -80 | AG36: =SUM(T36:V36)-SUM(M36:O36) -> -112 | AH36: =SUM(T36:Z36)-SUM(M36:P36) -> -160 | AI36: =SUM(T36:AA36)-SUM(M36:Q36) -> -176 | AJ36: =SUM(T36:AB36)-SUM(M36:R36) -> -176
A37: 546469500109ZY | B37: 109ZY | C37: 587136180-083 | D37: 32 | E37: 9 | F37: 28 | H37: =MAX(((D37+E37)-F37),0) -> 13 | I37: =MAX(H37-(SUM(M37:R37)),0) -> 0 | J37: =SUM(M37:S37) -> 16 | K37: =SUM(T37:Z37) -> 0 | O37: 16 | AD37: =SUM(T37:AC37) -> 0 | AE37: =T37-M37 -> 0 | AF37: =SUM(T37:U37)-SUM(M37:N37) -> 0 | AG37: =SUM(T37:V37)-SUM(M37:O37) -> -16 | AH37: =SUM(T37:Z37)-SUM(M37:P37) -> -16 | AI37: =SUM(T37:AA37)-SUM(M37:Q37) -> -16 | AJ37: =SUM(T37:AB37)-SUM(M37:R37) -> -16
A38: 546469500114ZY | B38: 114ZY | C38: 587011990-083 | D38: 64 | E38: 238 | F38: 148 | H38: =MAX(((D38+E38)-F38),0) -> 154 | I38: =MAX(H38-(SUM(M38:R38)),0) -> 0 | J38: =SUM(M38:S38) -> 160 | K38: =SUM(T38:Z38) -> 0 | M38: 48 | N38: 32 | O38: 32 | P38: 16 | Q38: 32 | AD38: =SUM(T38:AC38) -> 0 | AE38: =T38-M38 -> -48 | AF38: =SUM(T38:U38)-SUM(M38:N38) -> -80 | AG38: =SUM(T38:V38)-SUM(M38:O38) -> -112 | AH38: =SUM(T38:Z38)-SUM(M38:P38) -> -128 | AI38: =SUM(T38:AA38)-SUM(M38:Q38) -> -160 | AJ38: =SUM(T38:AB38)-SUM(M38:R38) -> -160
A39: 546469500114ZZ | B39: 114ZZ | C39: 587011990-220 | D39: 32 | E39: 26 | F39: 46 | H39: =MAX(((D39+E39)-F39),0) -> 12 | I39: =MAX(H39-(SUM(M39:R39)),0) -> 0 | J39: =SUM(M39:S39) -> 64 | K39: =SUM(T39:Z39) -> 0 | O39: 32 | P39: 32 | AD39: =SUM(T39:AC39) -> 0 | AE39: =T39-M39 -> 0 | AF39: =SUM(T39:U39)-SUM(M39:N39) -> 0 | AG39: =SUM(T39:V39)-SUM(M39:O39) -> -32 | AH39: =SUM(T39:Z39)-SUM(M39:P39) -> -64 | AI39: =SUM(T39:AA39)-SUM(M39:Q39) -> -64 | AJ39: =SUM(T39:AB39)-SUM(M39:R39) -> -64
A40: 546469500102ZZ | B40: 102ZZ | C40: 587136190-220 | D40: 32 | E40: 41 | F40: 16 | H40: =MAX(((D40+E40)-F40),0) -> 57 | I40: =MAX(H40-(SUM(M40:R40)),0) -> 0 | J40: =SUM(M40:S40) -> 64 | K40: =SUM(T40:Z40) -> 0 | L40: - | N40: 16 | P40: 16 | Q40: 32 | AD40: =SUM(T40:AC40) -> 0 | AE40: =T40-M40 -> 0 | AF40: =SUM(T40:U40)-SUM(M40:N40) -> -16 | AG40: =SUM(T40:V40)-SUM(M40:O40) -> -16 | AH40: =SUM(T40:Z40)-SUM(M40:P40) -> -32 | AI40: =SUM(T40:AA40)-SUM(M40:Q40) -> -64 | AJ40: =SUM(T40:AB40)-SUM(M40:R40) -> -64
A41: 546469500120ZY | B41: 120ZY | D41: 32 | E41: 3 | F41: 0 | H41: =MAX(((D41+E41)-F41),0) -> 35 | I41: =MAX(H41-(SUM(M41:R41)),0) -> 3 | J41: =SUM(M41:S41) -> 32 | K41: =SUM(T41:Z41) -> 0 | L41: - | N41: 16 | Q41: 16 | AD41: =SUM(T41:AC41) -> 0 | AE41: =T41-M41 -> 0 | AF41: =SUM(T41:U41)-SUM(M41:N41) -> -16 | AG41: =SUM(T41:V41)-SUM(M41:O41) -> -16 | AH41: =SUM(T41:Z41)-SUM(M41:P41) -> -16 | AI41: =SUM(T41:AA41)-SUM(M41:Q41) -> -32 | AJ41: =SUM(T41:AB41)-SUM(M41:R41) -> -32
A45: 27
A46: 32
A47: 16
A48: 12
A49: 21

Sheet Trolley Summary
D2: Vehicle Trip Plan No. of Trollies | K2: Remarks
B3: Date | D3: T-1 | E3: T-2 | F3: T-3 | G3: T-4 | H3: T-5 | I3: T-6 | J3: Total
B4: 45901 | C4: Plan | D4: 6 | E4: 6 | F4: 6 | G4: 6 | H4: 6 | I4: 6 | J4: =SUM(D4:I4) -> 36
C5: Actual | D5: 6 | E5: 3 | F5: 5 | G5: 4 | H5: 5 | I5: 5 | J5: =SUM(D5:I5) -> 28
C6: Gap | D6: =D5-D4 -> 0 | E6: =E5-E4 -> -3 | F6: =F5-F4 -> -1 | G6: =G5-G4 -> -2 | H6: =H5-H4 -> -1 | I6: =I5-I4 -> -1 | J6: =J5-J4 -> -8
D7: Vehicle Trip Plan No. of Trollies | K7: Remarks
B8: Date | D8: T-1 | E8: T-2 | F8: T-3 | G8: T-4 | H8: T-5 | I8: T-6 | J8: Total
B9: 45902 | C9: Plan | D9: 6 | E9: 6 | F9: 6 | G9: 6 | H9: 6 | I9: 6 | J9: =SUM(D9:I9) -> 36
C10: Actual | D10: 5 | E10: 5 | F10: 4 | G10: 5 | H10: 5 | I10: 5 | J10: =SUM(D10:I10) -> 29
C11: Gap | D11: =D10-D9 -> -1 | E11: =E10-E9 -> -1 | F11: =F10-F9 -> -2 | G11: =G10-G9 -> -1 | H11: =H10-H9 -> -1 | I11: =I10-I9 -> -1 | J11: =J10-J9 -> -7
D12: Vehicle Trip Plan No. of Trollies | K12: Remarks
B13: Date | D13: T-1 | E13: T-2 | F13: T-3 | G13: T-4 | H13: T-5 | I13: T-6 | J13: Total
B14: 45903 | C14: Plan | D14: 6 | E14: 6 | F14: 6 | G14: 6 | H14: 6 | I14: 6 | J14: =SUM(D14:I14) -> 36
C15: Actual | D15: 4 | E15: 5 | F15: 5 | G15: 6 | H15: 5 | I15: 4 | J15: =SUM(D15:I15) -> 29
C16: Gap | D16: =D15-D14 -> -2 | E16: =E15-E14 -> -1 | F16: =F15-F14 -> -1 | G16: =G15-G14 -> 0 | H16: =H15-H14 -> -1 | I16: =I15-I14 -> -2 | J16: =J15-J14 -> -7
D17: Vehicle Trip Plan No. of Trollies | K17: Remarks
B18: Date | D18: T-1 | E18: T-2 | F18: T-3 | G18: T-4 | H18: T-5 | I18: T-6 | J18: Total
B19: 45904 | C19: Plan | D19: 6 | E19: 6 | F19: 6 | G19: 6 | H19: 6 | I19: 6 | J19: =SUM(D19:I19) -> 36
C20: Actual | D20: 3 | E20: 4 | F20: 5 | G20: 6 | H20: 5 | I20: 3 | J20: =SUM(D20:I20) -> 26
C21: Gap | D21: =D20-D19 -> -3 | E21: =E20-E19 -> -2 | F21: =F20-F19 -> -1 | G21: =G20-G19 -> 0 | H21: =H20-H19 -> -1 | I21: =I20-I19 -> -3 | J21: =J20-J19 -> -10 | K21: One trip loss due to non-availability of FG and One trip loass due to Non-availability of empty trolley
D22: FG not available | I22: FG not available
D23: Vehicle Trip Plan No. of Trollies | K23: Remarks
B24: Date | D24: T-1 | E24: T-2 | F24: T-3 | G24: T-4 | H24: T-5 | I24: T-6 | J24: Total
B25: 45905 | C25: Plan | D25: 6 | E25: 6 | F25: 6 | G25: 6 | H25: 6 | J25: =SUM(D25:I25) -> 30
C26: Actual | D26: 3 | E26: 5 | F26: 6 | G26: 5 | H26: 6 | J26: =SUM(D26:I26) -> 25
C27: Gap | D27: =D26-D25 -> -3 | E27: =E26-E25 -> -1 | F27: =F26-F25 -> 0 | G27: =G26-G25 -> -1 | H27: =H26-H25 -> 0 | I27: =I26-I25 -> 0 | J27: =J26-J25 -> -5 | K27: .5 Trip loss due to FG shortage.
D28: Vehicle Trip Plan No. of Trollies | K28: Remarks
B29: Date | D29: T-1 | E29: T-2 | F29: T-3 | G29: T-4 | H29: T-5 | I29: T-6 | J29: Total
B30: 45906 | C30: Plan | D30: 6 | E30: 6 | F30: 6 | G30: 6 | H30: 6 | J30: =SUM(D30:I30) -> 30
C31: Actual | D31: 4 | E31: 4 | F31: 6 | G31: 5 | H31: 5 | J31: =SUM(D31:I31) -> 24
C32: Gap | D32: =D31-D30 -> -2 | E32: =E31-E30 -> -2 | F32: =F31-F30 -> 0 | G32: =G31-G30 -> -1 | H32: =H31-H30 -> -1 | I32: =I31-I30 -> 0 | J32: =J31-J30 -> -6 | K32: One trip loss due to non-availability of FG and One trip loass due to Non-availability
